SiteId,DateCreated,startDate,endDate,Partner,OCHA_village_v2,year,AlerteID,Nb_localites_affectes,Choc_description,Pop_affectee_menages,Pop_affectee_individus,Date_rapport_CoPil,Nature_Choc_Violence,Nature_Choc_Catastrophe_naturelle,Nature_Choc_Autre,Type_pop_Deplaces,Type_pop_Communaute_hote,Type_pop_Retours,Type_pop_Repatries,Autre,Statut_MEX_Complete,Statut_MEX_Prevu,Statut_MEX_En_cours,Statut_MEX_En_attente,Statut_MEX_Annule,Delais_INT_Disponibilité_resources,Delais_INT_Coordination_humanitaire,Delais_INT_Defaillance_BD,Delais_INT_Intervention_multiple,Delais_INT_Autre,Delais_INT_NA,Delais_EXT_Necessite_reevaluer,Delais_EXT_Acces logistique,Delais_EXT_Suspension_logistique,Delais_EXT_Acceptance_parties_prenantes,Delais_EXT_EquipeRRM_cible_pendant_MEX,Delais_EXT_Acces_securitaire,Delais_EXT_Suspension_securitaire,Delais_EXT_NA,Delais_EXT_Autre,Annulation_Conversion_MSA,Annulation_NA,Annulation_Autre,Statut_rapport_MEX_En_cours,Statut_rapport_MEX_Envoye_CoPil,Proposition_Action_MSAcomplete,Proposition_Action_Eval_sectorielle,Proposition_Action_Monitoring_protection,Proposition_Action_Rehabilitation_acces_log,Proposition_Action_Plaidoyer_acces_securitaire,Proposition_Action_Suivi_retour_deplaces,Proposition_Action_Intervention_directe,Proposition_Action_Pas_daction,Proposition_Action_Autre,CodePrefecture,Prefecture,CodeSousPrefecture,SousPrefecture,CodeCommune,Commune,CodeArrondissement,Arrondissement,Longitude,Latitude,year,month
2133245194,24.03.2015,23.01.2015,23.01.2015,ACF,Boyongo-Kette,,ACF_BOY_20150123,,,26,130,,Oui,Non,Non,Oui,Non,Non,Non,Non,Oui,Non,Non,Non,Non,Non,Non,Non,Non,Non,Oui,Non,Non,Non,Non,Non,Non,Non,Oui,Non,Non,Oui,Non,Non,Oui,Non,Non,Non,Non,Non,Non,Oui,Non,Non,,Ouham,,Bossangoa,,Ndoro Mboli,,,17.362290,6.526361,2015,Janvier
273257344,01.04.2015,24.01.2015,24.01.2015,ACF,Kouki,,ACF_KOU_20150124,1,,1400,7000,,Oui,Non,Non,Non,Oui,Oui,Non,Non,Oui,Non,Non,Non,Non,Non,Non,Non,Non,Non,Oui,Non,Non,Non,Non,Non,Oui,Non,Non,Non,Non,Oui,Non,Non,Oui,Non,Non,Non,Non,Oui,Oui,Non,Non,Non,,Ouham,,Nana-Bakassa,,Nana-Bakassa,,,17.309082,7.166343,2015,Janvier
994354173,23.03.2015,28.01.2015,28.01.2015,ACF,Bombere-Kota,,ACF_BOM_20150128,,,76,399,,Oui,Non,Non,Oui,Non,Non,Non,Non,Oui,Non,Non,Non,Non,Non,Non,Non,Non,Non,Non,Non,Non,Non,Non,Non,Non,Non,Non,Non,Non,Non,Non,Non,Non,Non,Oui,Non,Non,Non,Non,Oui,Non,Non,,Ouham,,Bossangoa,,Ben Zambe,,,17.548962,6.914322,2015,Janvier
1082666841,03.03.2015,04.02.2015,04.02.2015,ACF,Sabewa,,ACF_SAB_20150204,,,100,500,,Oui,Non,Non,Oui,Non,Non,Non,Non,Oui,Non,Non,Non,Non,Non,Non,Non,Non,Oui,Non,Non,Non,Non,Non,Non,Oui,Non,Non,Non,Non,Oui,Non,Non,Oui,Oui,Non,Non,Non,Non,Non,Non,Non,Non,,Nana-Mambere,,Bouar,,Niem-Yelewa,,,14.982606,6.668017,2015,Février
1733287360,03.03.2015,10.02.2015,10.02.2015,ACTED,Ouazzoua,,ACTED_OUA_20150112,,,,226,2015:02:17,Non,Oui,Non,Oui,Non,Non,Non,Non,Oui,Non,Non,Non,Non,Non,Non,Non,Non,Non,Oui,Non,Non,Non,Non,Non,Non,Non,Oui,Non,Non,Oui,Non,Non,Oui,Non,Oui,Non,Non,Non,Non,Non,Non,Non,,Mbomou,,Ouango,,,,,22.418461,4.270408,2015,Février
1623940407,03.03.2015,13.02.2015,13.02.2015,ACTED,Dimbi,,ACTED_DIM_20150112,,,,18000,2015/02/17,Oui,Non,Non,Oui,Non,Non,Non,Non,Oui,Non,Non,Non,Non,Non,Non,Non,Non,Non,Oui,Non,Non,Non,Non,Non,Non,Non,Oui,Non,Non,Non,Non,Non,Oui,Non,Non,Oui,Non,Non,Non,Non,Non,Non,,Basse-Kotto,,Kembe,,Kembe,,,21.720280,4.624735,2015,Février
684439432,03.03.2015,20.02.2015,20.02.2015,ACF,Bofire,,ACF_GBB_20150220,3,,243,1215,,Oui,Non,Non,Oui,Non,Non,Non,Non,Oui,Non,Non,Non,Non,Non,Non,Non,Non,Non,Oui,Non,Non,Non,Non,Non,Non,Non,Oui,Non,Non,Oui,Non,Non,Oui,Oui,Non,Non,Non,Non,Non,Non,Non,Non,,Ouham,,Bossangoa,,Ben Zambe,,,17.766026,6.718610,2015,Février
1841466723,03.03.2015,21.02.2015,21.02.2015,ACF,Yongoro Mbolaye,,ACF_YON_20150221,,,1151,5753,,Oui,Non,Non,Non,Non,Oui,Non,Non,Oui,Non,Non,Non,Non,Non,Non,Non,Non,Non,Oui,Non,Non,Non,Non,Non,Non,Non,Oui,Non,Non,Oui,Non,Non,Oui,Non,Oui,Non,Non,Non,Non,Non,Non,Non,,Nana-Mambere,,Bouar,,Herman-Brousse,,,15.586952,6.235382,2015,Février
860958585,24.03.2015,23.02.2015,23.02.2015,ACF,Gbakara,,ACF_GBA_20150223,,,13,65,,Non,Oui,Non,Oui,Non,Non,Non,Non,Oui,Non,Non,Non,Non,Non,Non,Non,Non,Non,Oui,Non,Non,Non,Non,Non,Non,Non,Oui,Non,Non,Oui,Non,Non,Oui,Non,Oui,Non,Non,Non,Non,Non,Non,Non,,Ouham,,Bossangoa,,Soumbe,,,17.641028,6.436505,2015,Février
2047096397,03.03.2015,25.02.2015,25.02.2015,ACTED,Mobaye - gp Mangbango,,ACTED_MOB_20150217,,,558,4469,2015/02/28,Oui,Non,Non,Oui,Non,Non,Non,Non,Oui,Non,Non,Non,Non,Non,Non,Non,Non,Non,Oui,Non,Non,Non,Non,Non,Non,Non,Oui,Non,Non,Oui,Non,Non,Oui,Non,Non,Non,Non,Non,Oui,Non,Non,Non,,Basse-Kotto,,Mobaye,,Mobaye,,,21.176833,4.319708,2015,Février
1370610428,03.03.2015,25.02.2015,25.02.2015,PU-AMI,Dilapoko,,PU_DIL_20150213,1,,35,200,2015/03/02,Oui,Non,Non,Oui,Non,Non,Non,Non,Oui,Non,Non,Non,Non,Oui,Non,Non,Non,Non,Non,Non,Non,Non,Non,Non,Non,Non,Oui,Non,Non,Non,Non,Non,Oui,Non,Non,Oui,Non,Oui,Non,Non,Non,Non,,Mambere-Kadei,,Gamboula,,Basse-Boumne,,,15.091660,4.363720,2015,Février
1583905516,03.03.2015,25.02.2015,25.02.2015,PU-AMI,Ore,,PU_ORE_20150213,1,,50,250,2015/03/02,Oui,Non,Non,Non,Non,Oui,Non,Non,Oui,Non,Non,Non,Non,Oui,Non,Non,Non,Non,Non,Non,Non,Non,Non,Non,Non,Non,Oui,Non,Non,Non,Non,Non,Oui,Non,Non,Oui,Non,Non,Non,Non,Non,Oui,,Mambere-Kadei,,Gamboula,,Basse-Boumne,,,15.082169,4.364897,2015,Février
1095584746,03.03.2015,27.02.2015,27.02.2015,ACF,Besson,,ACF_BES_20150221,,,85,381,,Oui,Non,Non,Oui,Non,Non,Non,Non,Oui,Non,Non,Non,Non,Non,Non,Non,Non,Non,Oui,Non,Non,Non,Non,Non,Oui,Non,Non,Non,Non,Oui,Non,Non,Oui,Non,Oui,Non,Non,Non,Non,Non,Non,Oui,,Nana-Mambere,,Baboua,,Goudrot,,,14.816071,6.258945,2015,Février
379899427,20.03.2015,02.03.2015,02.03.2015,SI,Kaga-Bandoro,,SI_BOT_20150127,15,,1513,,2015/03/03,Oui,Non,Non,Oui,Non,Non,Non,Non,Oui,Non,Non,Non,Non,Non,Non,Non,Non,Non,Oui,Non,Non,Non,Non,Non,Non,Non,Oui,Non,Non,Oui,Non,Non,Oui,Oui,Non,Non,Non,Non,Non,Non,Non,Non,,Nana-Gribizi,,Kaga-Bandoro,,Kaga-Bandoro,,,19.185733,6.992369,2015,Mars
1388830012,20.03.2015,04.03.2015,04.03.2015,ACTED,Lihoto,,ACTED_LIH_20150206,,,,,,Oui,Non,Non,Non,Oui,Non,Non,Non,Oui,Non,Non,Non,Non,Non,Non,Non,Non,Non,Oui,Non,Non,Non,Non,Non,Oui,Non,Non,Non,Non,Non,Non,Non,Oui,Oui,Non,Non,Non,Non,Non,Non,Non,Non,,Ouaka,,Kouango,,Azengue-Mindou,,,20.158370,5.312277,2015,Mars
54140340,20.03.2015,05.03.2015,05.03.2015,ACTED,Agoumar,,ACTED_AGO_20150305,,,610,3050,2015/03/07,Oui,Non,Non,Oui,Non,Non,Non,Non,Oui,Non,Non,Non,Non,Non,Non,Non,Non,Non,Oui,Non,Non,Non,Non,Non,Non,Non,Oui,Non,Non,Oui,Non,Non,Oui,Non,Non,Non,Non,Oui,Non,Non,Non,Non,,Mbomou,,Rafai,,Rafai,,,23.917023,4.993979,2015,Mars
1125325979,20.03.2015,05.03.2015,05.03.2015,ACTED,Ngoulinga,,ACTED_NGO_20150305,,,19,95,2015/03/07,Oui,Non,Non,Oui,Non,Non,Non,Non,Oui,Non,Non,Non,Non,Non,Non,Non,Non,Non,Oui,Non,Non,Non,Non,Non,Non,Non,Oui,Non,Non,Oui,Non,Non,Oui,Non,Oui,Non,Non,Non,Non,Non,Non,Non,,Ouaka,,Grimari,,Grimari,,,20.069115,5.709005,2015,Mars
1671842308,24.03.2015,05.03.2015,05.03.2015,DRC,Bebingui,,DRC_BEB_20150212,1,,31,50,,Oui,Non,Non,Non,Non,Oui,Non,Non,Oui,Non,Non,Non,Non,Non,Non,Non,Non,Oui,Non,Non,Non,Non,Non,Non,Non,Non,Oui,Non,Non,Oui,Non,Non,Oui,Oui,Non,Oui,Non,Oui,Non,Oui,Non,Non,,Ouham Pende,,Paoua,,Mia-Pende,,,16.526000,7.814075,2015,Mars
492408393,20.03.2015,05.03.2015,05.03.2015,PU-AMI,Nao,,PU_NAO_20150303,,,20,1,2015/03/08,Oui,Non,Non,Oui,Non,Non,Non,Non,Oui,Non,Non,Non,Non,Oui,Non,Non,Non,Non,Non,Non,Non,Non,Non,Non,Non,Non,Oui,Non,Non,Non,Non,Non,Oui,Non,Oui,Non,Oui,Oui,Non,Non,Non,Non,,Mambere-Kadei,,Berberati,,Ouakanga,,,15.318057,4.526812,2015,Mars
1527344280,19.03.2015,06.03.2015,06.03.2015,ACF,Kaboro,,ACF_KAB_20150305,,,120,599,,Oui,Non,Non,Oui,Non,Non,Non,Non,Oui,Non,Non,Non,Non,Non,Non,Non,Non,Non,Oui,Non,Non,Non,Non,Non,Non,Non,Oui,Non,Non,Oui,Non,Non,Oui,Oui,Non,Non,Non,Non,Non,Non,Non,Non,,Ouham,,Nana-Bakassa,,Nana-Bakassa,,,17.529444,6.970833,2015,Mars
436052509,20.03.2015,11.03.2015,14.03.2015,ACTED,Andjikapa,,ACTED_AND_20150308,,,41,204,2015/03/15,Oui,Non,Non,Oui,Non,Non,Non,Non,Oui,Non,Non,Non,Non,Non,Non,Non,Non,Non,Oui,Oui,Non,Non,Non,Non,Oui,Non,Non,Non,Non,Oui,Non,Non,Oui,Non,Non,Non,Non,Oui,Non,Non,Non,Oui,,Basse-Kotto,,Zangba,,,,,20.750833,4.744444,2015,Mars
293760002,20.03.2015,12.03.2015,12.03.2015,ACTED,Goussoubanda,,ACTED_GOU_20150312,,,85,410,2015/03/15,Oui,Non,Non,Oui,Non,Non,Non,Non,Oui,Non,Non,Non,Non,Non,Non,Non,Non,Non,Oui,Non,Non,Non,Non,Non,Non,Non,Oui,Non,Non,Oui,Non,Non,Oui,Non,Non,Non,Non,Non,Non,Oui,Non,Non,,Ouaka,,Bambari,,Pladama-Ouaka,,,20.559548,5.895595,2015,Mars
2027529108,20.03.2015,12.03.2015,12.03.2015,ACTED,Togo,,ACTED_TOG_20150312,,,203,1016,2015/03/15,Oui,Non,Non,Oui,Non,Non,Non,Non,Oui,Non,Non,Non,Non,Non,Non,Non,Non,Non,Oui,Non,Non,Non,Non,Non,Non,Non,Oui,Non,Non,Oui,Non,Non,Oui,Non,Non,Non,Non,Non,Non,Oui,Non,Non,,Ouaka,,Bambari,,Pladama-Ouaka,,,20.572740,5.880615,2015,Mars
783922475,20.03.2015,12.03.2015,12.03.2015,DRC,Mbada,,DRC_MBA_20150110,,,273,1248,,Oui,Non,Non,Oui,Non,Non,Non,Non,Oui,Non,Non,Non,Non,Non,Non,Non,Non,Non,Oui,Non,Non,Non,Non,Non,Non,Non,Oui,Non,Non,Non,Non,Non,Oui,Oui,Non,Non,Non,Non,Non,Non,Non,Non,,Ouham,,Bouca,,Lady Gbawi,,,18.562368,6.865547,2015,Mars
1610273571,27.03.2015,18.03.2015,18.03.2015,PU-AMI,Dédé Makbouba,,PU_DED_20150312,2,,60,300,2015/03/24,Oui,Non,Non,Oui,Non,Oui,Non,Non,Oui,Non,Non,Non,Non,Oui,Non,Non,Non,Non,Oui,Non,Non,Non,Non,Non,Non,Non,Oui,Non,Non,Non,Non,Non,Oui,Non,Non,Oui,Non,Non,Non,Non,Non,Non,,Mambere-Kadei,,Dede-Mokouba,,,,,15.242819,3.916667,2015,Mars
1378311603,31.03.2015,19.03.2015,19.03.2015,ACTED,Goussiéma,,ACTED_GOU_20150319,,,520,2600,27/03/15,Oui,Non,Non,Oui,Oui,Non,Non,Non,Oui,Non,Non,Non,Non,Non,Non,Non,Non,Non,Oui,Non,Non,Non,Non,Non,Non,Non,Oui,Non,Non,Oui,Non,Non,Oui,Oui,Non,Non,Oui,Oui,Non,Non,Non,Non,,Ouaka,,Kouango,,Kouango,,,20.126750,5.395833,2015,Mars
80853174,25.03.2015,19.03.2015,19.03.2015,PU-AMI,Mbandjifolo,,PU_MBA_20150318,5,,180,900,2015/03/24,Oui,Non,Non,Oui,Non,Oui,Non,Non,Oui,Non,Non,Non,Non,Non,Non,Non,Non,Non,Oui,Non,Non,Non,Non,Non,Non,Non,Oui,Non,Non,Oui,Non,Non,Oui,Non,Non,Oui,Non,Non,Non,Non,Non,Non,,Mambere-Kadei,,Dede-Mokouba,,,,,15.255556,4.075833,2015,Mars
1347553029,24.03.2015,20.03.2015,20.03.2015,SI,Dere 1,,SI_DER_20150228,,,,1846,2015/03/23,Oui,Non,Non,Oui,Non,Non,Non,Non,Oui,Non,Non,Non,Non,Non,Non,Non,Non,Non,Oui,Oui,Non,Non,Non,Non,Non,Non,Oui,Non,Non,Oui,Oui,Non,Oui,Non,Non,Oui,Non,Non,Non,Oui,Non,Non,,Nana-Gribizi,,Kaga-Bandoro,,Ndenga,,,19.218654,6.822976,2015,Mars
236083802,31.03.2015,26.03.2015,26.03.2015,SI,Grevai,,SI_MBR_20141216,2,,47,261,2015/03/31,Oui,Non,Non,Oui,Non,Non,Non,Non,Oui,Non,Non,Non,Non,Non,Non,Non,Non,Non,Oui,Non,Non,Non,Non,Non,Oui,Non,Non,Non,Non,Oui,Non,Non,Oui,Oui,Non,Non,Non,Non,Oui,Non,Non,Non,,Nana-Gribizi,,Kaga-Bandoro,,,,,19.427128,7.064633,2015,Mars
1994431683,30.03.2015,27.03.2015,27.03.2015,ACF,Bokoute 1,,ACF_BOK_20150327,,,6,30,,Oui,Non,Non,Oui,Non,Non,Non,Non,Oui,Non,Non,Non,Non,Non,Non,Non,Non,Non,Oui,Non,Non,Non,Non,Non,Non,Non,Oui,Non,Non,Oui,Non,Non,Oui,Non,Non,Non,Non,Non,Oui,Non,Oui,Non,,Kemo,,Sibut,,Ngoumbele,,,19.486982,5.788886,2015,Mars
978093751,14.04.2015,01.04.2015,01.04.2015,PU-AMI,Golongosso,,PU_GOL_20150320,1,,80,400,2015/04/07,Oui,Non,Non,Non,Non,Oui,Non,Non,Oui,Non,Non,Non,Non,Oui,Non,Non,Non,Oui,Non,Non,Non,Non,Non,Non,Non,Non,Oui,Non,Non,Oui,Non,Non,Oui,Non,Oui,Non,Oui,Non,Non,Oui,Non,Non,,Bamingui-Bangoran,,Ndele,,Dar El Kouti,,,19.185650,8.924383,2015,Avril
1835262014,03.04.2015,02.04.2015,02.04.2015,ACF,Kouki,,ACF_KOU_20150325,1,,1400,7000,,Oui,Non,Non,Non,Oui,Oui,Non,Non,Oui,Non,Non,Non,Non,Non,Non,Non,Non,Non,Oui,Non,Non,Non,Non,Non,Oui,Non,Non,Non,Non,Oui,Non,Non,Oui,Oui,Non,Non,Non,Non,Oui,Non,Non,Non,,Ouham,,Nana-Bakassa,,Nana-Bakassa,,,17.309082,7.166343,2015,Avril
315867562,14.04.2015,02.04.2015,02.04.2015,PU-AMI,Miamani,,PU_MIA_20150320,1,,20,100,2015/04/07,Oui,Non,Non,Oui,Non,Oui,Non,Non,Oui,Non,Non,Non,Non,Oui,Non,Non,Non,Oui,Non,Non,Non,Non,Non,Non,Non,Non,Oui,Non,Non,Oui,Non,Non,Oui,Non,Oui,Oui,Non,Non,Non,Non,Non,Non,,Bamingui-Bangoran,,Ndele,,Dar El Kouti,,,20.000353,8.754661,2015,Avril
2080602937,14.04.2015,03.04.2015,03.04.2015,PU-AMI,Tiri,,PU_TIR_20150320,1,,85,85,2015/04/07,Oui,Non,Non,Non,Non,Oui,Non,Non,Oui,Non,Non,Non,Non,Oui,Non,Non,Non,Oui,Non,Non,Non,Non,Non,Non,Non,Non,Oui,Non,Non,Oui,Non,Non,Oui,Non,Oui,Oui,Non,Non,Non,Non,Non,Non,,Bamingui-Bangoran,,Ndele,,Dar El Kouti,,,20.399447,8.599117,2015,Avril
1874715476,14.04.2015,10.04.2015,10.04.2015,ACTED,Béma,,ACTED_BEM_20150327,1,,990,4950,2015/04/14,Non,Non,Oui,Non,Non,Oui,Non,Non,Oui,Non,Non,Non,Non,Non,Non,Non,Non,Non,Oui,Non,Non,Non,Non,Non,Non,Non,Oui,Non,Non,Oui,Non,Non,Oui,Non,Non,Oui,Non,Oui,Non,Oui,Non,Non,,Mbomou,,Ouango,,Ouango,,,22.442181,4.142042,2015,Avril
1007014761,14.04.2015,10.04.2015,10.04.2015,ACTED,Derbissaka,,ACTED_DER_20150227,1,,440,2200,,Oui,Non,Non,Non,Non,Oui,Non,Non,Oui,Non,Non,Non,Non,Non,Non,Non,Non,Non,Oui,Non,Oui,Non,Non,Non,Non,Non,Non,Non,Non,Oui,Non,Non,Oui,Oui,Non,Non,Oui,Oui,Non,Non,Non,Non,,Mbomou,,Rafai,,Rafai,,,24.847812,5.774286,2015,Avril
1958147984,14.04.2015,13.04.2015,15.04.2015,PU-AMI,Bamingui,,PU_BAM_20150320,1,,,709,2015/04/17,Oui,Non,Non,Oui,Non,Non,Non,Non,Oui,Non,Non,Non,Non,Oui,Non,Non,Non,Non,Non,Non,Non,Non,Non,Non,Non,Non,Oui,Non,Non,Oui,Non,Non,Oui,Oui,Non,Non,Non,Non,Non,Non,Non,Non,,Bamingui-Bangoran,,Bamingui,,Vassako,,,20.179799,7.530107,2015,Avril
1109874652,19.04.2015,14.04.2015,14.04.2015,DRC,Touga,,DRC_TOU_20150407,1,,6,30,,Oui,Non,Non,Non,Non,Non,Non,Oui,Oui,Non,Non,Non,Non,Non,Non,Non,Non,Non,Oui,Non,Non,Non,Non,Non,Non,Non,Oui,Non,Non,Oui,Non,Oui,Non,Non,Non,Oui,Non,Oui,Non,Non,Non,Non,,Ouham Pende,,Ngaoundaye,,Lim,,,15.645415,7.443710,2015,Avril
2009863380,28.04.2015,15.04.2015,15.04.2015,ACF,Bouanga,,ACF_BOU_20150415,1,,50,250,18/04/2015,Oui,Non,Non,Oui,Non,Non,Non,Non,Oui,Non,Non,Non,Non,Non,Non,Non,Non,Non,Oui,Non,Non,Non,Non,Non,Non,Non,Oui,Non,Non,Oui,Non,Non,Oui,Non,Oui,Non,Non,Non,Non,Non,Non,Non,,Kemo,,Dekoa,,,,,15.588614,6.236853,2015,Avril
144075579,28.04.2015,15.04.2015,15.04.2015,ACF,Dékoa,,ACF_DEK_20150415,1,,416,2080,20150418,Oui,Non,Non,Non,Non,Oui,Non,Non,Oui,Non,Non,Non,Non,Non,Non,Non,Non,Non,Oui,Non,Non,Non,Non,Non,Non,Non,Oui,Non,Non,Oui,Non,Non,Oui,Non,Non,Oui,Non,Non,Non,Non,Non,Non,,Kemo,,Dekoa,,Dekoa,,,19.118972,6.518772,2015,Avril
1193623784,28.04.2015,17.04.2015,17.04.2015,ACF,Bowara,,ACF_BOW_20150417,1,,1000,5000,20150420,Oui,Non,Non,Non,Non,Oui,Non,Non,Oui,Non,Non,Non,Non,Non,Non,Non,Non,Non,Oui,Non,Non,Non,Non,Non,Oui,Non,Non,Non,Non,Oui,Non,Non,Oui,Oui,Non,Oui,Non,Non,Non,Non,Non,Non,,Ouham,,Nana-Bakassa,,Nana-Bakassa,,,17.384206,7.169761,2015,Avril
1630880588,27.04.2015,18.04.2015,18.04.2015,ACTED,Krakoundji,,ACTED_KRA_20150418,1,,,213,20150422,Oui,Non,Non,Oui,Oui,Non,Non,Non,Oui,Non,Non,Non,Non,Non,Non,Non,Non,Non,Oui,Non,Non,Non,Non,Non,Oui,Non,Non,Non,Non,Oui,Non,Non,Oui,Non,Non,Non,Non,Oui,Non,Oui,Non,Non,,Ouaka,,Bambari,,,,,20.319167,5.420694,2015,Avril
601798712,20.04.2015,21.04.2015,23.04.2015,PU-AMI,Boy bale,,PU_MBA_20150313,6,,600,3000,2015/04/26,Non,Non,Oui,Non,Oui,Oui,Non,Non,Oui,Non,Non,Non,Non,Non,Oui,Non,Non,Non,Non,Non,Oui,Non,Non,Non,Non,Non,Non,Non,Non,Oui,Non,Non,Oui,Oui,Non,Oui,Oui,Non,Non,Non,Non,Oui,,Mambere-Kadei,,Gadzi,,Mbali,,,16.757124,5.225732,2015,Avril
2071942042,25.04.2015,23.04.2015,24.04.2015,ACTED,Gbolo,,ACTED_GBO_20150424,8,,,837,27/04/2015,Oui,Non,Non,Oui,Non,Non,Non,Non,Oui,Non,Non,Non,Non,Oui,Non,Non,Non,Non,Non,Non,Non,Non,Non,Non,Oui,Non,Non,Non,Non,Non,Non,Non,Oui,Oui,Non,Non,Non,Oui,Non,Non,Non,Non,,Mbomou,,Bakouma,,Bakouma,,,22.748606,5.698269,2015,Avril
322952390,04.05.2015,23.04.2015,23.04.2015,DRC,Ngoutéré,,DRC_NGO_20150423,1,,1066,6400,,Oui,Non,Non,Oui,Oui,Oui,Non,Non,Oui,Non,Non,Non,Non,Non,Non,Non,Non,Non,Oui,Non,Non,Non,Non,Non,Non,Non,Oui,Non,Non,Oui,Non,Oui,Non,Non,Non,Oui,Non,Oui,Non,Non,Non,Non,,Ouham Pende,,Bocaranga,,Pende,,,15.898247,6.771819,2015,Avril
1024549223,23.04.2015,24.04.2015,24.04.2015,DRC,Bedoua 1,,DRC_BED_20150422,5,,810,4232,2015/05/05,Oui,Non,Non,Oui,Non,Non,Non,Non,Oui,Non,Non,Non,Non,Non,Non,Non,Non,Non,Oui,Non,Non,Non,Non,Non,Oui,Non,Non,Non,Non,Oui,Non,Oui,Non,Non,Oui,Non,Non,Oui,Non,Non,Non,Oui,,Ouham Pende,,Paoua,,Mia-Pende,,,16.458098,7.602153,2015,Avril
1319864710,04.05.2015,25.04.2015,25.04.2015,DRC,Nzapoye,,DRC_NZA_20150422,1,,322,1610,2015/05/05,Oui,Non,Non,Non,Oui,Oui,Oui,Non,Oui,Non,Non,Non,Non,Non,Non,Non,Non,Non,Oui,Non,Non,Non,Non,Non,Non,Non,Oui,Non,Non,Oui,Non,Oui,Non,Non,Oui,Oui,Non,Non,Non,Non,Non,Non,,Ouham Pende,,Ngaoundaye,,Lim,,,15.651473,7.438171,2015,Avril
1969588925,12.05.2015,01.05.2015,02.05.2015,ACF,Koui,,ACF_KOU_20150501,1,,200,1000,20150504,Non,Non,Oui,Non,Non,Oui,Non,Non,Oui,Non,Non,Non,Non,Non,Non,Non,Non,Non,Oui,Non,Non,Non,Non,Non,Non,Non,Oui,Non,Non,Oui,Non,Non,Oui,Oui,Non,Oui,Non,Non,Non,Non,Non,Non,,Ouham Pende,,Koui,,Koui,,,15.453221,6.951955,2015,Mai
1490190513,04.05.2015,01.05.2015,01.05.2015,PU-AMI,Ndinguiri,,PU_NDI_20150425,5,,25,125,2015/05/04,Oui,Non,Non,Non,Non,Oui,Non,Non,Oui,Non,Non,Non,Non,Oui,Non,Non,Non,Non,Non,Non,Oui,Non,Non,Non,Non,Non,Non,Non,Non,Non,Non,Non,Oui,Non,Oui,Non,Non,Non,Non,Non,Non,Non,,Mambere-Kadei,,Gadzi,,Topia,,,16.336991,4.886027,2015,Mai
897990387,07.05.2015,06.05.2015,06.05.2015,ACTED,Tabara,,ACTED_TAB_20150429,3,,,,2015/05/10,Oui,Non,Non,Oui,Non,Non,Non,Non,Oui,Non,Non,Non,Non,Oui,Non,Non,Non,Non,Non,Non,Non,Non,Non,Non,Non,Non,Oui,Non,Non,Oui,Non,Non,Oui,Non,Oui,Non,Non,Non,Non,Non,Non,Non,,Ouaka,,Bambari,,Bambari,,,20.544011,5.939525,2015,Mai
1798868026,19.05.2015,07.05.2015,07.05.2015,ACTED,Maloum,,ACTED_MAL20150429,,,,,,Non,Non,Oui,Oui,Non,Non,Non,Non,Oui,Non,Non,Non,Non,Non,Non,Non,Non,Non,Oui,Non,Non,Non,Non,Non,Non,Non,Oui,Non,Non,Oui,Non,Oui,Non,Non,Non,Non,Non,Non,Non,Non,Non,Non,,Ouaka,,Bambari,,Bambari,,,21.065370,5.852494,2015,Mai
619285341,19.05.2015,11.05.2015,14.05.2015,PU-AMI,Ngarba,,PU_NGA_20150501,3,,436,2180,20150516,Oui,Non,Non,Non,Non,Oui,Non,Non,Oui,Non,Non,Non,Non,Oui,Non,Non,Non,Non,Non,Non,Non,Non,Non,Non,Non,Non,Oui,Non,Non,Oui,Non,Non,Oui,Oui,Non,Non,Oui,Non,Non,Non,Non,Non,,Bamingui-Bangoran,,Ndele,,Dar El Kouti,,,20.496477,9.203859,2015,Mai
316439682,02.06.2015,21.05.2015,02.07.2015,SI,Kaga-Bandoro,,SI_OUB_20150516,2,,383,,2015/06/02,Oui,Non,Non,Oui,Non,Non,Non,Non,Oui,Non,Non,Non,Non,Non,Non,Non,Non,Non,Oui,Non,Non,Non,Non,Non,Non,Non,Oui,Non,Non,Oui,Non,Non,Oui,Oui,Non,Oui,Non,Oui,Oui,Oui,Non,Non,,Nana-Gribizi,,Kaga-Bandoro,,Kaga-Bandoro,,,19.185733,6.992369,2015,Mai
1992386767,29.05.2015,24.05.2015,25.05.2015,ACTED,Mbo-Pouloubou,,ACTED_MBO_20150522,1,,135,675,2015/05/29,Oui,Non,Non,Non,Oui,Non,Non,Non,Oui,Non,Non,Non,Non,Non,Non,Non,Non,Non,Oui,Non,Non,Non,Non,Non,Non,Non,Oui,Non,Non,Oui,Non,Non,Oui,Non,Oui,Non,Non,Oui,Non,Non,Non,Non,,Basse-Kotto,,Mingala,,Kotto,,,21.639282,5.126245,2015,Mai
234976042,09.06.2015,26.05.2015,30.05.2015,ACF,Boganangone,,ACF_BOG_20150528,0,,,,20150604,Non,Non,Oui,Non,Non,Oui,Non,Non,Oui,Non,Non,Non,Non,Non,Non,Non,Non,Non,Oui,Non,Non,Non,Non,Non,Non,Non,Oui,Non,Non,Oui,Non,Non,Oui,Non,Non,Non,Non,Non,Non,Non,Oui,Non,,Lobaye,,Boganangone,,Boganangone,,,17.198067,4.695853,2015,Mai
531366808,29.05.2015,27.05.2015,27.05.2015,DRC,Bepikasse 1,,DRC_BEP_20150521,1,,552,1630,31/05/2015,Oui,Non,Non,Oui,Non,Oui,Non,Non,Oui,Non,Non,Non,Non,Non,Non,Non,Non,Non,Oui,Non,Non,Non,Non,Non,Non,Oui,Non,Non,Non,Oui,Non,Non,Oui,Non,Oui,Oui,Non,Oui,Non,Oui,Non,Non,,Ouham Pende,,Paoua,,Mia-Pende,,,16.638503,7.604638,2015,Mai
1523205852,29.06.2015,01.06.2015,01.06.2015,DRC,Mbinai,,DRC_MBI_20150507,1,,331,1027,2015/06/29,Oui,Non,Non,Non,Non,Oui,Non,Non,Oui,Non,Non,Non,Non,Non,Non,Non,Non,Oui,Non,Non,Non,Non,Non,Non,Oui,Oui,Non,Non,Non,Oui,Non,Non,Oui,Non,Oui,Oui,Non,Oui,Non,Non,Non,Non,,Ouham Pende,,Ngaoundaye,,Kodi,,,15.439806,7.425272,2015,Juin
1622715234,21.05.2015,02.06.2015,02.06.2015,DRC,Bolgue,,DRC_BOL_20150520,1,,176,522,2015/06/23,Oui,Non,Non,Non,Non,Oui,Non,Non,Oui,Non,Non,Non,Non,Oui,Non,Non,Oui,Non,Non,Non,Non,Oui,Non,Non,Non,Non,Non,Oui,Non,Oui,Non,Non,Oui,Oui,Non,Non,Oui,Oui,Non,Non,Non,Non,,Ouham,,Markounda,,Nana Markounda,,,17.005704,7.273226,2015,Juin
1982058534,23.06.2015,02.06.2015,02.06.2015,DRC,Herbo,,DRC_HER_20150529,1,,81,245,2015/06/23,Oui,Non,Non,Oui,Non,Oui,Non,Non,Oui,Non,Non,Non,Non,Non,Non,Non,Oui,Non,Non,Non,Non,Non,Non,Non,Non,Oui,Non,Non,Non,Non,Non,Non,Oui,Non,Non,Oui,Non,Oui,Non,Non,Non,Oui,,Ouham Pende,,Ngaoundaye,,Yeme,,,16.092648,7.556351,2015,Juin
1659854632,26.06.2015,04.06.2015,04.06.2015,DRC,Kozoro 1,,DRC_KOZ_20150601,3,,168,840,20150623,Oui,Non,Non,Oui,Non,Non,Non,Non,Oui,Non,Non,Non,Non,Non,Non,Non,Non,Oui,Non,Non,Non,Non,Non,Non,Oui,Oui,Non,Non,Non,Oui,Non,Non,Oui,Non,Oui,Oui,Non,Oui,Non,Non,Non,Non,,Ouham,,Bouca,,Lady Gbawi,,,18.505414,6.840072,2015,Juin
1215925885,23.06.2015,10.06.2015,10.06.2015,DRC,Beogombo 2,,DRC_BEO_20150610,1,,235,2045,2015/06/17,Oui,Non,Non,Non,Non,Oui,Non,Non,Oui,Non,Non,Non,Non,Non,Non,Non,Oui,Non,Non,Non,Non,Non,Non,Non,Non,Non,Non,Oui,Non,Oui,Non,Non,Oui,Oui,Non,Oui,Non,Oui,Non,Non,Non,Non,,Ouham Pende,,Paoua,,Nana-Barya,,,16.615853,7.415468,2015,Juin
616160673,01.07.2015,18.06.2015,18.06.2015,DRC,Gbanda,,DRC_GBA_20150618,1,,207,1034,20150706,Oui,Non,Non,Oui,Non,Oui,Non,Non,Oui,Non,Non,Non,Non,Oui,Non,Oui,Non,Non,Non,Non,Non,Non,Non,Non,Oui,Non,Non,Oui,Non,Oui,Non,Non,Oui,Oui,Non,Oui,Non,Oui,Non,Non,Non,Non,,Ouham,,Batangafo,,Batangafo,,,18.011072,7.216039,2015,Juin
880807842,30.06.2015,25.06.2015,26.06.2015,PU-AMI,Salo,,PU_NOL_20150620,3,,,,,Non,Non,Oui,Non,Oui,Non,Non,Non,Oui,Non,Non,Non,Non,Non,Non,Non,Oui,Non,Non,Non,Non,Non,Non,Non,Non,Non,Oui,Non,Non,Oui,Non,Oui,Non,Non,Oui,Non,Non,Non,Non,Non,Non,Non,,Sangha-Mbaere,,Nola,,Salo,,,16.103793,3.184154,2015,Juin
631389303,30.06.2015,25.06.2015,26.06.2015,PU-AMI,Yantchi,,PU_NOL_20160601,3,,60,300,,Oui,Non,Oui,Oui,Oui,Non,Non,Non,Oui,Non,Non,Non,Non,Non,Non,Non,Oui,Non,Non,Non,Non,Non,Non,Non,Non,Non,Oui,Non,Non,Oui,Non,Oui,Non,Non,Oui,Non,Non,Non,Non,Non,Non,Non,,Sangha-Mbaere,,Nola,,Bilolo,,,15.494817,3.460481,2015,Juin

