SiteId,DateCreated,startDate,endDate,Partner,OCHA_village_v2,year,AlerteID,Nb_localites_affectes,mois,TOTAL_menages_beneficiaires_NFI,TOTAL_individus_beneficiaires_NFI,DEPLACES _menages_beneficiaires_NFI,DEPLACES_individus_beneficiaires_NFI,ACCEUIL_menages_beneficiaires_NFI,ACCEUIL_individus_beneficiaires_NFI,RETOURNES_menages_beneficiaires_NFI,RETOURNES_individus_beneficiaires_NFI,RAPATRIES_menages_beneficiaires_NFI,RAPATRIES_individus_beneficiaires_NFI,HOTE_menages_beneficiaires_NFI,HOTE_individus_beneficiaires_NFI,Hommes_beneficiaires,Femmes_beneficiaires,beneficiaires_moins_5ans,beneficiaires_5_17ans,beneficiaires_18_59ans,beneficiaires_plus_60ans,Kits_NFI_total,Kits_NFI_deplaces,Kits_NFI_accueil,Kits_NFI_retournes,Kits_NFI_rapatries,Kits_NFI_hote,NFI_savons_total,NFI_savons_deplaces,NFI_savons_accueil,NFI_savons_retournes,NFI_savons_rapatries,NFI_savons_hote,NFI_couvertures_total,NFI_couvertures_deplaces,NFI_couvertures_accueil,NFI_couvertures_retournes,NFI_couvertures_rapatries,NFI_couvertures_hote,NFI_nattes_total,NFI_nattes_deplaces,NFI_nattes_accueil,NFI_nattes_retournes,NFI_nattes_rapatries,NFI_nattes_hote,NFI_bidons_total,NFI_bidons_deplaces,NFI_bidons_accueil,NFI_bidons_retournes,NFI_bidons_rapatries,NFI_bidons_hote,NFI_moustiquaires_total,NFI_moustiquaires_deplaces,NFI_moustiquaires_accueil,NFI_moustiquaires_retournes,NFI_moustiquaires_rapatries,NFI_moustiquaires_hote,NFI_baches_total,NFI_baches_deplaces,NFI_baches_accueil,NFI_baches_retournes,NFI_baches_rapatries,NFI_baches_hote,NFI_torche_total,NFI_torche_deplaces,NFI_torche_accueil,NFI_torche_retournes,NFI_torche_rapatries,NFI_torche_hote,NFI_seau_total,NFI_seau_deplaces,NFI_seau_accueil,NFI_seau_retournes,NFI_seau_rapatries,NFI_seau_hote,NFI_kitCuisine_total,NFI_kitCuisine_deplaces,NFI_kitCuisine_accueil,NFI_kitCuisine_retournes,NFI_kitCuisine_rapatries,NFI_kitCuisine_hote,NFI_vetements_enfants_total,NFI_vetements_enfants_deplaces,NFI_vetements_enfants_accueil,NFI_vetements_enfants_retournes,NFI_vetements_enfants_rapatries,NFI_vetements_enfants_hote,NFI_vetement_bebe,Kits_VIVRES,Vivres_Huile2L,Vivres_PlumpySup,Vivres_CSB_12Kg,Vivres_Riz_25kg,Date_rapport_WASH_envoye_CoPil,TOTAL_individus_beneficiaires_WASH,DEPLACES_individus_beneficiaires_WASH,ACCEUIL_individus_beneficiaires_WASH,RETOURNES_individus_beneficiaires_WASH,RAPATRIES_individus_beneficiaires_WASH,HOTE_individus_beneficiaires_WASH,TOTALbeneficiaireshommes,TOTALbeneficiairesfemmes,TOTALbeneficiairesmoins5,TOTALbeneficiaires5_17,TOTAL_beneficiaires18_59,TOTALbeneficiaries60plus,Nb_blocs_latrines,nb_latrines_installees,rehabilitation_forage_source_eau,Redynamisation_comite_gestion_source_eau,Sensibilisation_communaute_lavage_main,Sensibilisation_communaute_bonnes_pratiques_hygiene,comite_gestion_latrines,Autre_intervention_WASH,Abris,interventioncount,NFI_WASH,Status_Intervention_Complete,Delais_INT_NFI_Pas_d_intervention,Delais_INT_NFI_Disponibilite,Delais_INT_NFI_Defaillance_BD,Delais_INT_NFI_Coordination_humanitaire,Delais_INT_NFI_Intervention_multiple,Delais_INT_NFI_Autre,Delais_INT_NFI_Pas_de_delais,Delais_INT_NFI_Pas_cause_int,Delais_EXT_NFI_Pas_d_intervention,Delais_EXT_NFI_Necessite_reevaluer,Delais_EXT_NFI_Acces_logistique,Delais_EXT_NFI_Suspension_logistique,Delais_EXT_NFI_Acceptance_parties_prenantes,Delais_EXT_NFI_Incident_pendant_MEX,Delais_EXT_NFI_Acces_securitaire,Delais_EXT_NFI_Suspension_securitaire,Delais_EXT_NFI_Pas_de_delais,Delais_EXT_NFI_Autre,Delais_EXT_NFI_Pas_cause_ext,Cause_annulation_NFI_intervention_autre_agence,Cause_annulation_NFI_Securite,Cause_annulation_NFI_NA,Cause_annulation_NFI_Autre,Statut_rapport_intervention_NFI_En_cours,Statut_intervention_WASH_Complete,Delais_INT_WASHI_Pas_d_intervention,Delais_INT_WASH_Disponibilite,Delais_INT_WASH_Defaillance_BD,Delais_INT_WASH_Coordination_humanitaire,Delais_INT_WASH_Intervention_multiple,Delais_INT_WASH_Autre,Delais_INT_WASH_Pas_de_delais,Delais_INT_WASH_Pas_cause_int,Delais_EXT_WASH_Pas_d_intervention,Delais_EXT_WASH_Necessite_reevaluer,Delais_EXT_WASH_Acces_logistique,Delais_EXT_WASH_Suspension_logistique,Delais_EXT_WASH_Acceptance_parties_prenantes,Delais_EXT_WASH_Incident_pendant_MEX,Delais_EXT_WASH_Acces_securitaire,Delais_EXT_WASH_Suspension_securitaire,Delais_EXT_WASH_Pas_de_delais,Delais_EXT_WASH_Autre,Delais_EXT_WASH_Pas_cause_ext,Cause_annulation_WASH_intervention_autre_agence,Cause_annulation_WASH_Securite,Cause_annulation_WASH_NA,Cause_annulation_WASH_Autre,Statut_rapport_intervention_WASH_En_cours,Code_SousPrefecture,SousPrefecture,Code_Prefecture,Prefecture,CodeArrondissement,Arrondissement,CodeCommune,Commune,Longitude,Latitude
1618795228,21.01.2015,11.04.2014,25.04.2014,ACTED,Damara,2014,ACTED_2014_04,,,,880,,,,,,,,,,,,,,,,,,,,,,,13200,,,,,,1750,,,,,,1750,,,,,,,,,,,,1750,,,,,,620,,,,,,,,,,,,,,,,,,,,,,,,,,,,,,,,,,,,,,,,,,,,,,,,,,,,,,,,,,,NFI-WASH,,Non,Non,Non,Non,Non,Non,Non,Non,Non,Non,Non,Non,Non,Non,Non,Non,Non,Non,Non,Non,Non,Non,Non,,,Non,Non,Non,Non,Non,Non,Non,Non,Non,Non,Non,Non,Non,Non,Non,Non,Non,Non,Non,Non,Non,Non,Non,,,Damara,,Ombella M'Poko,,,,Damara,18.696219,4.957669
98821588,26.01.2015,21.04.2014,09.05.2014,ACF,Berberati,2014,ACF_2014_03,,,,6638,,,,,,,,,,,,,,,,,,,,,,,,,,,,,,,,,,,,,,,,,,,,,,,,,,,,,,,,,,,,,,,,,,,,,,,,,,,,,,,,,,,,,,,,,,6638,,,,,,,,,,,,,,,,,,,,,,WASH,,Non,Non,Non,Non,Non,Non,Non,Non,Non,Non,Non,Non,Non,Non,Non,Non,Non,Non,Non,Non,Non,Non,Non,,,Non,Non,Non,Non,Non,Non,Non,Non,Non,Non,Non,Non,Non,Non,Non,Non,Non,Non,Non,Non,Non,Non,Non,,,Berberati,,Mambere-Kadei,,,,Basse-Batouri,15.790486,4.260181
632841366,26.01.2015,25.04.2014,30.04.2014,SI,Kabo,2014,SI_2014_02,,,325,1008,,,,,,,,,,,,,,,,,325,,,,,,3250,,,,,,650,,,,,,650,,,,,,650,,,,,,650,,,,,,325,,,,,,,,,,,,325,,,,,,325,,,,,,,,,,,,,,,,,,,1008,,,,,,,,,,,,,,,,,,,,,,WASH,,Non,Non,Non,Non,Non,Non,Non,Non,Non,Non,Non,Non,Non,Non,Non,Non,Non,Non,Non,Non,Non,Non,Non,,,Non,Non,Non,Non,Non,Non,Non,Non,Non,Non,Non,Non,Non,Non,Non,Non,Non,Non,Non,Non,Non,Non,Non,,,Kabo,,Ouham,,,,Sido,18.629944,7.697565
1564567191,26.01.2015,25.04.2014,30.04.2014,SI,Kabo,2014,SI_KAB_20140430,,,124,297,,,,,,,,,,,,,,,,,124,,,,,,1240,,,,,,248,,,,,,248,,,,,,248,,,,,,248,,,,,,124,,,,,,,,,,,,124,,,,,,124,,,,,,,,,,,,,,,,,,,297,,,,,,,,,,,,,,,,,,,,,,NFI,Completé,Non,Non,Non,Non,Non,Oui,Non,Non,Non,Non,Non,Non,Non,Non,Non,Non,Non,Oui,Non,Non,Non,Oui,Non,,NA,Non,Non,Non,Non,Non,Oui,Non,Non,Non,Non,Non,Non,Non,Non,Non,Non,Non,Oui,Non,Non,Non,Oui,Non,Envoyé au CoPil,,Kabo,,Ouham,,,,Sido,18.623028,7.688983
1258318500,26.01.2015,01.05.2014,10.05.2014,ACF,Yaloké,2014,ACF_2014_22,,,,633,,,,,,,,,,,,,,,,,,,,,,,,,,,,,,,,,,,,,,,,,,,,,,,,,,,,,,,,,,,,,,,,,,,,,,,,,,,,,,,,,,,,,,,,,,633,,,,,,,,,,,,,,,,,,,,,,WASH,,Non,Non,Non,Non,Non,Non,Non,Non,Non,Non,Non,Non,Non,Non,Non,Non,Non,Non,Non,Non,Non,Non,Non,,,Non,Non,Non,Non,Non,Non,Non,Non,Non,Non,Non,Non,Non,Non,Non,Non,Non,Non,Non,Non,Non,Non,Non,,,Yaloke,,Ombella M'Poko,,,,Yaloke,17.100692,5.312628
1567704880,21.01.2015,28.05.2014,30.05.2014,ACF,Bouca,2014,ACF_2014_07,,,1300,7323,,,,,,,,,,,,,,,,,2600,,,,,,7800,,,,,,2600,,,,,,2600,,,,,,2600,,,,,,2600,,,,,,1300,,,,,,,,,,,,,,,,,,,,,,,,,,,,,,,,,,,,,3350,,,,,,,,,,,,,,,,,,,,,,NFI-WASH,,Non,Non,Non,Non,Non,Non,Non,Non,Non,Non,Non,Non,Non,Non,Non,Non,Non,Non,Non,Non,Non,Non,Non,,,Non,Non,Non,Non,Non,Non,Non,Non,Non,Non,Non,Non,Non,Non,Non,Non,Non,Non,Non,Non,Non,Non,Non,,,Bouca,,Ouham,,,,Bouca Bobo,18.277989,6.511581
94832746,26.01.2015,05.06.2014,04.07.2014,ACF,Bangui,2014,ACF_2014_23,,,,7933,,,,,,,,,,,,,,,,,,,,,,,,,,,,,,,,,,,,,,,,,,,,,,,,,,,,,,,,,,,,,,,,,,,,,,,,,,,,,,,,,,,,,,,,,,7933,,,,,,,,,,,,,,,,,,,,,,WASH,,Non,Non,Non,Non,Non,Non,Non,Non,Non,Non,Non,Non,Non,Non,Non,Non,Non,Non,Non,Non,Non,Non,Non,,,Non,Non,Non,Non,Non,Non,Non,Non,Non,Non,Non,Non,Non,Non,Non,Non,Non,Non,Non,Non,Non,Non,Non,,,Bangui,,Bangui,,5,,Bangui,18.532906,4.393994
1888755627,26.01.2015,07.06.2014,11.07.2014,SI,Kaga-Bandoro,2014,SI_2014_07,,,2661,,,,,,,,,,,,,,,,,,2661,,,,,,16519,,,,,,5322,,,,,,5322,,,,,,5322,,,,,,2661,,,,,,2661,,,,,,,,,,,,2661,,,,,,553,,,,,,,,,,,,,,,,,,,,,,,,,,,,,,,,,,,,,,,,,NFI,,Non,Non,Non,Non,Non,Non,Non,Non,Non,Non,Non,Non,Non,Non,Non,Non,Non,Non,Non,Non,Non,Non,Non,,,Non,Non,Non,Non,Non,Non,Non,Non,Non,Non,Non,Non,Non,Non,Non,Non,Non,Non,Non,Non,Non,Non,Non,,,Kaga-Bandoro,,Nana-Gribizi,,,,Kaga-Bandoro,19.185733,6.992369
1756729082,26.01.2015,07.06.2014,07.06.2014,IRC,Ngoutéré,2014,IRC_2014_14,,,13,67,,,,,,,,,,,,,,,,,13,,,,,,78,,,,,,26,,,,,,26,,,,,,13,,,,,,26,,,,,,13,,,,,,,,,,,,,,,,,,,,,,,,,,,,,,,,,,,,,,,,,,,,,,,,,,,,,,,,,,,NFI,,Non,Non,Non,Non,Non,Non,Non,Non,Non,Non,Non,Non,Non,Non,Non,Non,Non,Non,Non,Non,Non,Non,Non,,,Non,Non,Non,Non,Non,Non,Non,Non,Non,Non,Non,Non,Non,Non,Non,Non,Non,Non,Non,Non,Non,Non,Non,,,Bocaranga,,Ouham Pende,,,,Pende,15.898247,6.771819
1098220660,21.01.2015,08.06.2014,09.06.2014,ACF,Sibut,2014,ACF_2014_18,,,294,1157,,,,,,,,,,,,,,,,,318,,,,,,1908,,,,,,636,,,,,,636,,,,,,636,,,,,,636,,,,,,,,,,,,,,,,,,,,,,,,,,,,,,,,,,,,,,,,,,,,,,,,,,,,,,,,,,,,,,,,,NFI,,Non,Non,Non,Non,Non,Non,Non,Non,Non,Non,Non,Non,Non,Non,Non,Non,Non,Non,Non,Non,Non,Non,Non,,,Non,Non,Non,Non,Non,Non,Non,Non,Non,Non,Non,Non,Non,Non,Non,Non,Non,Non,Non,Non,Non,Non,Non,,,Sibut,,Kemo,,,,Sibut,19.086042,5.735689
1149390357,21.01.2015,12.06.2014,13.06.2014,ACTED,Grimari,2014,ACTED_2014_14,,,1246,,,,,,,,,,,,,,,,,,,,,,,,9968,,,,,,2492,,,,,,2492,,,,,,1777,,,,,,,,,,,,,,,,,,,,,,,,,,,,,,,,,,,,,,,,,,,,,,,,,,,,,,,,,,,,,,,,,,,,,,,NFI,,Non,Non,Non,Non,Non,Non,Non,Non,Non,Non,Non,Non,Non,Non,Non,Non,Non,Non,Non,Non,Non,Non,Non,,,Non,Non,Non,Non,Non,Non,Non,Non,Non,Non,Non,Non,Non,Non,Non,Non,Non,Non,Non,Non,Non,Non,Non,,,Grimari,,Ouaka,,,,Grimari,20.055200,5.741367
265721479,21.01.2015,14.06.2014,15.06.2014,ACTED,Bambari,2014,ACTED_BAM_20140108,,,219,,,,,,,,,,,,,,,,,,,,,,,,3480,,,,,,438,,,,,,438,,,,,,219,,,,,,,,,,,,,,,,,,,,,,,,,,,,,,,,,,,,,,,,,,,,,,,,,,,,,,,,,,,,,,,,,,,,,,,NFI,Completé,Non,Non,Non,Non,Non,Oui,Non,Non,Non,Non,Non,Non,Non,Non,Non,Non,Non,Oui,Non,Non,Non,Oui,Non,Envoyé au CoPil,Completé,Non,Non,Non,Non,Non,Non,Non,Oui,Non,Non,Non,Non,Non,Non,Non,Non,Non,Oui,Non,Non,Non,Oui,Non,Envoyé au CoPil,,Bambari,,Ouaka,,,,Bambari,20.678586,5.754667
1175676960,21.01.2015,19.06.2014,19.06.2014,ACF,Bozélé,2014,ACF_2014_10,,,115,705,,,,,,,,,,,,,,,,,,,,,,,690,,,,,,230,,,,,,230,,,,,,230,,,,,,230,,,,,,115,,,,,,,,,,,,,,,,,,115,,,,,,,,,,,,,,,,,,,,,,,,,,,,,,,,,,,,,,,,,NFI,,Non,Non,Non,Non,Non,Non,Non,Non,Non,Non,Non,Non,Non,Non,Non,Non,Non,Non,Non,Non,Non,Non,Non,,,Non,Non,Non,Non,Non,Non,Non,Non,Non,Non,Non,Non,Non,Non,Non,Non,Non,Non,Non,Non,Non,Non,Non,,,Nana-Bakassa,,Ouham,,,,Nana-Bakassa,17.428350,6.645597
196757754,26.01.2015,25.06.2014,25.06.2014,SI,Moyenne Sido,2014,SI_2014_02,,,12,57,,,,,,,,,,,,,,,,,12,,,,,,120,,,,,,24,,,,,,24,,,,,,24,,,,,,12,,,,,,,,,,,,,,,,,,,,,,,,,,,,,,,,,,,,,,,,,,,,,,,,,,,,,,,,,,,,,,,,,NFI,,Non,Non,Non,Non,Non,Non,Non,Non,Non,Non,Non,Non,Non,Non,Non,Non,Non,Non,Non,Non,Non,Non,Non,,,Non,Non,Non,Non,Non,Non,Non,Non,Non,Non,Non,Non,Non,Non,Non,Non,Non,Non,Non,Non,Non,Non,Non,,,Kabo,,Ouham,,,,Sido,18.711433,8.225083
558289820,26.01.2015,25.06.2014,25.06.2014,SI,Kabo,2014,SI_2014_04,,,85,507,,,,,,,,,,,,,,,,,85,,,,,,850,,,,,,170,,,,,,170,,,,,,170,,,,,,85,,,,,,,,,,,,,,,,,,,,,,,,,,,,,,,,,,,,,,,,,,,,,,,,,,,,,,,,,,,,,,,,,NFI,,Non,Non,Non,Non,Non,Non,Non,Non,Non,Non,Non,Non,Non,Non,Non,Non,Non,Non,Non,Non,Non,Non,Non,,,Non,Non,Non,Non,Non,Non,Non,Non,Non,Non,Non,Non,Non,Non,Non,Non,Non,Non,Non,Non,Non,Non,Non,,,Kabo,,Ouham,,,,Sido,18.627664,7.691258
2143562893,26.01.2015,27.06.2014,15.07.2014,IRC,Kaké,2014,IRC_2014_15,,,1727,,,,,,,,,,,,,,,,,,,,,,,,10362,,,,,,3216,,,,,,1727,,,,,,1727,,,,,,2978,,,,,,233,,,,,,1727,,,,,,,,,,,,,,,,,,,,,,,,,,,,,,,,,,,,,,,,,,,,,,,,,,,,,NFI,,Non,Non,Non,Non,Non,Non,Non,Non,Non,Non,Non,Non,Non,Non,Non,Non,Non,Non,Non,Non,Non,Non,Non,,,Non,Non,Non,Non,Non,Non,Non,Non,Non,Non,Non,Non,Non,Non,Non,Non,Non,Non,Non,Non,Non,Non,Non,,,Bocaranga,,Ouham Pende,,,,Pende,15.815506,6.833717
1367826435,26.01.2015,28.06.2014,31.07.2014,IRC,Mann,2014,IRC_2014_01,,,1334,4921,,,,,,,,,,,,,,,,,,,,,,,,,,,,,,,,,,,,,,,,,,,,,,,,,,,,,,,,,,,,,,,,,,,,,,,,,,,,,,,,,,,,,,,,,,4921,,,,,,,,,,,,,,,,,,,,,,WASH,,Non,Non,Non,Non,Non,Non,Non,Non,Non,Non,Non,Non,Non,Non,Non,Non,Non,Non,Non,Non,Non,Non,Non,,,Non,Non,Non,Non,Non,Non,Non,Non,Non,Non,Non,Non,Non,Non,Non,Non,Non,Non,Non,Non,Non,Non,Non,,,Ngaoundaye,,Ouham Pende,,,,Kodi,15.485058,7.375917
1495240485,21.01.2015,14.07.2014,18.07.2014,ACTED,Banbari,2014,ACTED_2014_07,,,2166,,,,,,,,,,,,,,,,,,1935,,,,,,9675,,,,,,3870,,,,,,3870,,,,,,1935,,,,,,1935,,,,,,1935,,,,,,,,,,,,1935,,,,,,1935,,,,,,,,,,,,,1935,1935,1935,1935,1935,,,,,,,,,,,,,,,,,,,,,,,,NFI,,Non,Non,Non,Non,Non,Non,Non,Non,Non,Non,Non,Non,Non,Non,Non,Non,Non,Non,Non,Non,Non,Non,Non,,,Non,Non,Non,Non,Non,Non,Non,Non,Non,Non,Non,Non,Non,Non,Non,Non,Non,Non,Non,Non,Non,Non,Non,,,Bambari,,Ouaka,,,,Bambari,20.667172,5.751444
407345956,26.01.2015,01.08.2014,01.08.2014,PU-AMI,Demba Batéké,2014,PU-AMI_2014_06,,,260,,,,,,,,,,,,,,,,,,260,,,,,,3900,,,,,,520,,,,,,520,,,,,,520,,,,,,,,,,,,260,,,,,,,,,,,,260,,,,,,260,,,,,,320,,,,,,160,,,,,,,,,,,,,,,,,,,,,,,,,,,,,NFI,,Non,Non,Non,Non,Non,Non,Non,Non,Non,Non,Non,Non,Non,Non,Non,Non,Non,Non,Non,Non,Non,Non,Non,,,Non,Non,Non,Non,Non,Non,Non,Non,Non,Non,Non,Non,Non,Non,Non,Non,Non,Non,Non,Non,Non,Non,Non,,,Gadzi,,Mambere-Kadei,,,,Topia,16.272125,4.981164
944830302,26.01.2015,15.08.2014,15.08.2014,PU-AMI,Boganangone,2014,PU-AMI_2014_05,,,360,1750,,,,,,,,,,,,,,,,,360,,,,,,5400,,,,,,720,,,,,,720,,,,,,360,,,,,,,,,,,,360,,,,,,,,,,,,360,,,,,,360,,,,,,336,,,,,,118,,,,,,,80,,,,,,,,,,,,,,,,,,,,,,NFI-WASH,,Non,Non,Non,Non,Non,Non,Non,Non,Non,Non,Non,Non,Non,Non,Non,Non,Non,Non,Non,Non,Non,Non,Non,,,Non,Non,Non,Non,Non,Non,Non,Non,Non,Non,Non,Non,Non,Non,Non,Non,Non,Non,Non,Non,Non,Non,Non,,,Boganangone,,Lobaye,,,,Boganangone,17.198067,4.695853
852334036,26.01.2015,22.08.2014,23.08.2014,SI,Bokonde,2014,SI_2014_02,,,55,,,,,,,,,,,,,,,,,,55,,,,,,330,,,,,,110,,,,,,110,,,,,,55,,,,,,55,,,,,,55,,,,,,,,,,,,55,,,,,,55,,,,,,,,,,,,,,,,,,,,,,,,,,,,,,,,,,,,,,,,,NFI,,Non,Non,Non,Non,Non,Non,Non,Non,Non,Non,Non,Non,Non,Non,Non,Non,Non,Non,Non,Non,Non,Non,Non,,,Non,Non,Non,Non,Non,Non,Non,Non,Non,Non,Non,Non,Non,Non,Non,Non,Non,Non,Non,Non,Non,Non,Non,,,Kabo,,Ouham,,,,Sido,18.680748,7.899799
2040360374,26.01.2015,22.08.2014,22.08.2014,SI,Kabo,2014,SI_2014_04,,,267,,,,,,,,,,,,,,,,,,267,,,,,,1602,,,,,,534,,,,,,534,,,,,,267,,,,,,267,,,,,,267,,,,,,,,,,,,267,,,,,,267,,,,,,,,,,,,,,,,,,,,,,,,,,,,,,,,,,,,,,,,,NFI,,Non,Non,Non,Non,Non,Non,Non,Non,Non,Non,Non,Non,Non,Non,Non,Non,Non,Non,Non,Non,Non,Non,Non,,,Non,Non,Non,Non,Non,Non,Non,Non,Non,Non,Non,Non,Non,Non,Non,Non,Non,Non,Non,Non,Non,Non,Non,,,Kabo,,Ouham,,,,Sido,18.625258,7.697042
945538549,21.01.2015,23.08.2014,25.08.2014,ACF,Bozakon,2014,ACF_2014_09,,,694,3313,,,,,,,,,,,,,,,,,,,,,,,4164,,,,,,1388,,,,,,1388,,,,,,1388,,,,,,1388,,,,,,694,,,,,,,,,,,,,,,,,,558,,,,,,,,,,,,,,,,,,,,,,,,,,,,,,,,,,,,,,,,,NFI,,Non,Non,Non,Non,Non,Non,Non,Non,Non,Non,Non,Non,Non,Non,Non,Non,Non,Non,Non,Non,Non,Non,Non,,,Non,Non,Non,Non,Non,Non,Non,Non,Non,Non,Non,Non,Non,Non,Non,Non,Non,Non,Non,Non,Non,Non,Non,,,Bouca,,Ouham,,,,Lady Gbawi,18.509903,6.954372
801479719,03.03.2015,29.01.2015,30.01.2015,SI,Kaga-Bandoro,2015,SI_MBR_20141216,1,,525,2625,525,2625,,,,,,,,,,,,,,,525,525,,,,,3150,3150,,,,,1050,1050,,,,,1050,1050,,,,,525,525,,,,,1050,1050,,,,,,,,,,,,,,,,,525,525,,,,,525,,,,,,,,,,,,,,,,,,,,,,,,,,,,,,,,,,,,,,,,,NFI,Completé,Non,Non,Non,Non,Non,Non,Oui,Non,Non,Non,Non,Non,Non,Non,Non,Non,Oui,Non,Non,Non,Non,Oui,Non,Envoyé au CoPil,NA,Oui,Non,Non,Non,Non,Non,Non,Non,Oui,Non,Non,Non,Non,Non,Non,Non,Non,Non,Non,Non,Non,Oui,Non,,,Kaga-Bandoro,,Nana-Gribizi,,,,Kaga-Bandoro,19.191543,6.990379
115393556,24.03.2015,30.01.2015,01.02.2015,ACF,Bondiba,2015,ACF_BON_20141216,,,388,1695,94,388,294,1307,,,,,,,,,,,,,388,94,294,,,,2328,564,1764,,,,244,188,56,,,,244,188,56,,,,244,188,56,,,,510,188,322,,,,122,94,28,,,,,,,,,,,,,,,,,,,,,,,,,,,,,,,,,,,1695,388,1307,,,,,,,,,,,,1,1,,1,,,,,NFI-WASH,Completé,Non,Non,Non,Non,Non,Non,Oui,Non,Non,Non,Non,Non,Non,Non,Oui,Non,Non,Non,Non,Non,Non,Oui,Non,Envoyé au CoPil,Completé,Non,Non,Non,Non,Non,Non,Oui,Non,Non,Non,Non,Non,Non,Non,Oui,Non,Non,Non,Non,Non,Non,Oui,Non,Envoyé au CoPil,,Baboua,,Nana-Mambere,,,,Baboua,14.794725,5.535135
2053797164,24.03.2015,03.03.2015,06.03.2015,ACF,Gbabiro,2015,ACF_GBA_20150218,,,372,1892,312,1442,60,450,,,,,,,,,,,,,372,312,60,,,,2232,1872,360,,,,624,624,0,,,,624,624,0,,,,624,624,0,,,,624,624,0,,,,312,312,0,,,,,,,,,,,,,,,,,,,,,,,,,,,,,,,,,,,1892,1442,450,,,,,,,,,,6,18,1,1,1,1,,,,,NFI-WASH,Completé,Non,Non,Non,Non,Non,Non,Oui,Non,Non,Non,Non,Non,Non,Non,Non,Non,Oui,Non,Non,Non,Non,Oui,Non,Envoyé au CoPil,Completé,Non,Non,Non,Non,Non,Non,Oui,Non,Non,Non,Non,Non,Non,Non,Non,Non,Oui,Non,Non,Non,Non,Oui,Non,Envoyé au CoPil,,Bossangoa,,Ouham,,,,Ben Zambe,17.697580,6.849218
1141089873,24.03.2015,05.03.2015,05.03.2015,ACF,Sabewa,2015,ACF_SAB_20150204,,,425,2041,175,816,250,1225,,,,,,,,,,,,,425,175,250,,,,2550,1050,1500,,,,350,350,0,,,,350,350,0,,,,350,350,0,,,,350,350,0,,,,175,175,0,,,,,,,,,,,,,,,,,,,,,,,,,,,,,,,,,,,2041,816,1225,,,,,,,,,,,,1,1,1,1,,,,,NFI-WASH,Completé,Non,Non,Non,Non,Non,Non,Oui,Non,Non,Non,Non,Non,Non,Non,Non,Non,Oui,Non,Non,Non,Non,Oui,Non,Envoyé au CoPil,Completé,Non,Non,Non,Non,Non,Non,Oui,Non,Non,Non,Non,Non,Non,Non,Non,Non,Oui,Non,Non,Non,Non,Oui,Non,Envoyé au CoPil,,Bouar,,Nana-Mambere,,,,Niem-Yelewa,14.982606,6.668017
1381250290,24.03.2015,10.03.2015,14.03.2015,ACF,Bofire,2015,ACF_GBB_20150220,3,,708,3333,516,2246,192,1087,,,,,,,,,,,,,708,516,192,,,,3096,3096,0,,,,1032,1032,0,,,,1032,1032,0,,,,516,516,0,,,,1224,1032,192,,,,700,700,0,,,,,,,,,,516,516,0,,,,,,,,,,,,,,,,,,,,,,,2528,2246,282,,,,,,,,,,11,33,,,3,3,3,,,,NFI-WASH,Completé,Non,Non,Non,Non,Non,Non,Oui,Non,Non,Non,Non,Non,Non,Non,Non,Non,Oui,Non,Non,Non,Non,Oui,Non,Envoyé au CoPil,Completé,Non,Non,Non,Non,Non,Non,Oui,Non,Non,Non,Non,Non,Non,Non,Non,Non,Oui,Non,Non,Non,Non,Oui,Non,Envoyé au CoPil,,Bossangoa,,Ouham,,,,Ben Zambe,17.766026,6.718610
872205074,24.03.2015,11.03.2015,13.03.2015,SI,Kaga-Bandoro,2015,SI_BOT_20150127,,,1157,5785,329,1645,828,4140,,,,,,,333,824,,2,1084,71,1157,329,828,,,,6942,1974,4968,,,,2314,658,1656,,,,2314,658,1656,,,,1157,329,828,,,,2314,658,1656,,,,531,531,0,,,,,,,,,,1157,329,828,,,,1157,329,828,,,,3471,987,2484,,,,,,,,,,,,,,,,,,,,,,,,,,,,,,,,,NFI,Completé,Non,Non,Non,Non,Non,Non,Oui,Non,Non,Non,Non,Non,Non,Non,Non,Non,Oui,Non,Non,Non,Non,Oui,Non,Envoyé au CoPil,NA,Non,Non,Non,Non,Non,Non,Oui,Non,Non,Non,Non,Non,Non,Non,Non,Non,Oui,Non,Non,Non,Non,Oui,Non,,,Kaga-Bandoro,,Nana-Gribizi,,,,Kaga-Bandoro,19.185733,6.992369
1843693350,30.03.2015,11.03.2015,12.03.2015,PU-AMI,Nassole,2015,PU_NAS_20150211,1,,143,845,143,845,0,0,,,,,,,31,112,,,,,143,143,143,,,,0,0,0,,,,286,286,0,,,,286,286,0,,,,286,286,0,,,,286,286,0,,,,143,143,0,,,,0,0,0,,,,143,143,0,,,,143,143,,,,,0,0,0,,,,0,,,,,,,500,500,0,0,,0,,,,,,,0,0,1,,1,1,0,,,,NFI,Completé,Non,Oui,Non,Non,Non,Oui,Oui,Non,Non,Non,Non,Non,Non,Non,Non,Non,Oui,Non,Non,Non,Non,Oui,Non,Envoyé au CoPil,Completé,Non,Non,Non,Non,Non,Non,Oui,Non,Non,Non,Non,Non,Non,Non,Non,Non,Oui,Non,Non,Non,Non,Oui,Non,Envoyé au CoPil,,Berberati,,Mambere-Kadei,,,,Ouakanga,15.375248,4.258509
440565508,31.03.2015,25.03.2015,25.03.2015,ACTED,Ngakobo,2015,ACTED_NGA_20150208,,,490,2450,490,2450,,,,,,,,,,,,,,,490,490,,,,,3430,3430,,,,,980,980,,,,,980,980,,,,,490,490,,,,,980,980,,,,,490,490,,,,,,,,,,,490,490,,,,,490,490,,,,,,,,,,,,,,,,,,,,,,,,,,,,,,,,,,,,,,,,NFI,Completé,Non,Oui,Non,Non,Non,Non,Non,Non,Non,Non,Non,Non,Non,Non,Non,Non,Oui,Non,Non,Non,Non,Non,Non,Envoyé au CoPil,NA,Oui,Non,Non,Non,Non,Non,Non,Non,Oui,Non,Non,Non,Non,Non,Non,Non,Non,Non,Non,Non,Non,Non,Non,,,Bambari,,Ouaka,,,,Ngougbia,20.730846,5.339652
1933496338,30.03.2015,26.03.2015,30.03.2015,ACF,Kaboro,2015,ACF_KAB_20150305,1,,263,1506,153,801,110,705,,,,,,,,,,,,,263,153,110,,,,1578,918,660,,,,306,306,0,,,,306,306,0,,,,85,85,0,,,,526,306,220,,,,263,153,110,,,,0,0,0,,,,223,223,0,,,,0,0,0,,,,0,0,0,,,,0,0,0,0,0,0,,0,0,0,,,,,,,,,,0,0,0,0,0,0,0,,,,NFI,Completé,Non,Non,Non,Non,Non,Non,Oui,Non,Non,Non,Non,Non,Non,Non,Non,Non,Oui,Non,Non,Non,Non,Oui,Non,Envoyé au CoPil,Annulé,Non,Non,Non,Non,Non,Non,Oui,Non,Non,Non,Non,Non,Non,Non,Non,Non,Oui,Non,Non,Non,Non,Oui,Non,,,Nana-Bakassa,,Ouham,,,,Nana-Bakassa,17.529444,6.970833
30896935,14.04.2015,27.03.2015,01.04.2015,ACTED,Lebada,2015,ACTED_LEB_20141021,12,,1049,5245,1049,5245,,,,,,,,,,,,,,,1049,1049,,,,,7343,7343,,,,,2098,2098,,,,,2098,2098,,,,,0,0,,,,,2098,2098,,,,,1049,1049,,,,,,,,,,,1049,1049,,,,,0,0,,,,,,,,,,,,,,,,,,,,,,,,,,,,,,,,,,,,,,,,NFI,Completé,Non,Non,Non,Non,Non,Non,Oui,Non,Non,Non,Non,Non,Non,Non,Non,Oui,Non,Non,Non,Non,Non,Non,Non,Envoyé au CoPil,NA,Oui,Non,Non,Non,Non,Non,Non,Non,Oui,Non,Non,Non,Non,Non,Non,Non,Non,Non,Non,Non,Non,Non,Non,,,Bambari,,Ouaka,,,,Pladama-Ouaka,20.544786,5.854284
567526412,13.04.2015,02.04.2015,16.05.2015,PU-AMI,Amada Gaza,2015,PU_AMA_20150213,1,,316,1808,316,1808,0,0,,,,,,,49,267,316,,,,316,316,0,,,,1896,1896,0,,,,632,632,0,,,,632,632,0,,,,632,632,0,,,,632,632,0,,,,316,316,0,,,,0,0,0,,,,316,316,0,,,,196,196,0,,,,0,0,0,,,,0,0,0,0,0,0,,1300,1300,0,,,,,,,,,,40,40,2,2,1,1,1,,,,NFI,Completé,Non,Non,Non,Non,Non,Non,Oui,Non,Non,Non,Oui,Non,Non,Non,Non,Non,Non,Non,Non,Non,Non,Oui,Non,Envoyé au CoPil,Completé,Non,Non,Non,Non,Non,Non,Oui,Non,Non,Non,Oui,Oui,Non,Non,Non,Non,Non,Non,Non,Non,Non,Oui,Non,Envoyé au CoPil,,Amada-Gaza,,Mambere-Kadei,,,,,15.209111,4.768658
56964430,06.04.2015,06.04.2015,06.04.2015,ACF,Sanguere 3,2015,DRC_SAN_20150225,1,,224,1112,55,224,0,0,169,888,0,0,0,0,,,,,,,224,55,0,169,0,0,1344,330,0,1014,0,0,448,110,0,338,0,0,448,110,0,338,0,0,448,110,0,338,0,0,448,110,0,338,0,0,224,55,0,169,0,0,0,,,,,,224,55,0,169,0,0,0,,,,,,0,,,,,,0,0,,,,,,1112,224,0,888,,,,,,,,,,,,,,,,,,,NFI-WASH,Completé,Non,Non,Non,Non,Non,Non,Oui,Non,Non,Non,Oui,Non,Non,Non,Oui,Non,Non,Non,Non,Oui,Non,Non,Non,En cours,En attente (délais),Non,Oui,Non,Non,Non,Non,Non,Non,Non,Non,Oui,Non,Non,Non,Oui,Oui,Non,Non,Non,Non,Non,Oui,Non,En cours,,Koui,,Ouham Pende,,,,Koui,15.337074,6.966833
2059866775,06.04.2015,08.04.2015,10.04.2015,DRC,Batangafo,2015,DRC_BAT_20150302,7,,2208,11040,2208,11040,0,0,,,,,,,,,,,,,2208,2208,0,,,,,,,,,,4416,4416,0,,,,4416,4416,,,,,,,,,,,,,,,,,2208,2208,,,,,,,,,,,4416,4416,,,,,,,,,,,,,,,,,,,,,,,,,,,,,,,,,,,,,,,,,,,,,,NFI,Completé,Non,Non,Non,Oui,Non,Oui,Non,Non,Non,Non,Non,Non,Non,Non,Non,Non,Non,Oui,Non,Non,Non,Oui,Non,Envoyé au CoPil,Annulé,Non,Non,Non,Non,Oui,Oui,Non,Non,Non,Non,Non,Non,Non,Non,Non,Non,Non,Oui,Non,Oui,Non,Non,Non,,,Batangafo,,Ouham,,,,Batangafo,18.285135,7.300987
1118244278,27.04.2015,18.04.2015,20.05.2015,ACTED,Goussiéma,2015,ACTED_GOU_20150319,1,,535,2675,335,1675,200,1000,,,,,,,,,,,,,535,335,200,0,0,0,3745,2345,1400,0,0,0,335,335,0,0,0,0,0,0,0,0,0,0,335,335,0,0,0,0,1070,670,400,0,0,0,335,335,0,0,0,0,0,0,,0,0,0,335,335,0,0,0,0,535,335,200,0,0,0,0,0,0,0,0,0,0,0,0,0,0,0,,2795,1795,,,,1000,,,,,,,,,2,2,4,4,,,,,NFI-WASH,Completé,Non,Non,Non,Non,Non,Non,Oui,Non,Non,Non,Oui,Non,Oui,Non,Non,Non,Non,Non,Non,Non,Non,Non,Non,Envoyé au CoPil,Completé,Non,Non,Non,Non,Non,Non,Oui,Non,Non,Non,Oui,Non,Oui,Non,Non,Non,Non,Non,Non,Non,Non,Non,Non,Envoyé au CoPil,,Kouango,,Ouaka,,,,Kouango,20.126750,5.395833
2063036084,14.04.2015,18.04.2015,22.04.2015,ACTED,Dembia,2015,ACTED_DEM_20150317,9,,956,4780,35,175,,,921,4605,,,,,,,,,,,956,35,0,921,,0,6692,245,,6447,,,1912,70,,1842,,,6447,70,,1842,,,956,35,,921,,,6447,70,,1842,,,956,35,,921,,,,,,,,,956,35,,921,,,,,,,,,,,,,,,,,,,,,,5357,175,,4605,,577,,,,,,,,,4,4,14,14,,,,,NFI-WASH,Completé,Non,Non,Non,Non,Non,Non,Oui,Non,Non,Non,Oui,Non,Non,Non,Non,Non,Non,Non,Non,Non,Non,Non,Non,Envoyé au CoPil,Completé,Non,Non,Non,Non,Non,Non,Oui,Non,Non,Non,Oui,Non,Non,Non,Non,Non,Non,Non,Non,Non,Non,Non,Non,Envoyé au CoPil,,Rafai,,Mbomou,,,,Rafai,24.463914,5.102711
6000403,23.04.2015,27.04.2015,27.05.2015,DRC,Mbada,2015,DRC_MBA_20150110,4,,,,,,,,,,,,,,,,,,,,,,,,,,,,,,,,,,,,,,,,,,,,,,,,,,,,,,,,,,,,,,,,,,,,,,,,,,,,,,,,,,,,,,,,,,,,,3500,,,,,,,,,,,,,70,7,,,,,,,,WASH,Annulé,Non,Oui,Non,Oui,Oui,Oui,Non,Non,Non,Non,Non,Oui,Non,Non,Non,Oui,Non,Oui,Non,Non,Oui,Non,Oui,,Completé,Non,Oui,Non,Oui,Oui,Oui,Non,Non,Non,Non,Non,Non,Non,Non,Oui,Oui,Non,Non,Non,Non,Non,Oui,Non,En cours,,Bouca,,Ouham,,,,Lady Gbawi,18.562368,6.865547
516772832,14.07.2015,27.04.2015,27.05.2015,SI,Kaga-Bandoro,2015,SI_NDE_20150320,8,,1143,5715,1143,5715,0,0,0,0,0,0,0,0,0,0,0,0,0,0,1143,1143,0,0,0,0,6858,6858,0,0,0,0,1143,1143,0,0,0,0,2286,2286,0,0,0,0,170,170,1143,1143,0,0,2286,2286,0,0,0,0,1143,1143,0,0,0,0,0,0,0,0,0,0,170,170,1143,1143,0,0,0,0,0,0,0,0,0,0,0,0,0,0,0,0,0,0,0,0,,0,0,0,0,0,0,0,0,0,0,0,0,0,0,0,0,0,0,0,,,,NFI,Completé,Non,Non,Non,Non,Non,Oui,Non,Non,Non,Non,Non,Non,Non,Non,Oui,Non,Non,Non,Non,Non,Non,Oui,Non,Envoyé au CoPil,NA,Oui,Non,Non,Non,Non,Non,Non,Non,Oui,Non,Non,Non,Non,Non,Non,Non,Non,Non,Non,Non,Non,Oui,Non,En cours,,Kaga-Bandoro,,Nana-Gribizi,,,,Kaga-Bandoro,19.185733,6.992369
76827058,07.05.2015,28.04.2015,14.07.2015,ACTED,Derbissaka,2015,ACTED_DER_20150227,,,283,1415,,,,,283,1415,,,,,,,,,,,283,,,283,,,1415,,,1415,,,283,,,283,,,,,,,,,283,,,283,,,566,,,566,,,283,,,283,,,,,,,,,283,,,283,,,283,,,283,,,,,,,,,,,,,,,,2984,,,2984,,,,,66,,,,,,1,1,5,5,,,,,NFI-WASH,Completé,Non,Non,Non,Non,Non,Non,Oui,Non,Non,Non,Oui,Non,Non,Non,Oui,Non,Non,Non,Non,Non,Non,Oui,Non,Envoyé au CoPil,Completé,Non,Non,Non,Non,Non,Non,Oui,Non,Non,Non,Oui,Non,Non,Non,Oui,Non,Non,Non,Non,Non,Non,Oui,Non,Envoyé au CoPil,,Rafai,,Mbomou,,,,Rafai,24.847812,5.774286
1656684167,06.04.2015,30.04.2015,14.05.2015,ACTED,Lihoto,2015,ACTED_LIH_20150206,1,,529,2645,207,1035,,,,,,,322,1610,,,,,,,529,207,,,,322,3703,1449,,,,2254,207,207,,,,0,1058,0,0,0,0,0,207,207,0,0,0,0,1058,414,,,,644,207,207,0,0,0,0,0,0,0,0,0,0,529,207,0,0,0,322,529,207,0,0,0,322,0,0,0,0,0,0,0,0,0,0,0,0,,2645,1035,,,,1610,,,,,,,,,3,2,2,2,,,,,NFI-WASH,Completé,Non,Oui,Non,Non,Non,Non,Non,Non,Non,Non,Oui,Non,Oui,Non,Non,Non,Non,Non,Non,Non,Non,Non,Non,Envoyé au CoPil,Completé,Non,Non,Non,Non,Non,Non,Oui,Non,Non,Non,Oui,Non,Oui,Non,Non,Non,Non,Non,Non,Non,Non,Non,Non,Envoyé au CoPil,,Kouango,,Ouaka,,,,Azengue-Mindou,20.158370,5.312277
1311532288,29.05.2015,02.05.2015,19.07.2015,ACTED,Guenekoumba,2015,ACTED_GUE_20150425,1,,283,1415,0,0,0,0,283,1415,0,0,0,0,0,0,,,,,283,,,283,,,1421,,,1981,,,283,,,283,,,0,0,0,0,0,,283,,,283,,,566,,,566,,,,,,566,,,,,,,,,566,,,566,,,,,,,,,,,,,,,,,,,,,,889,889,,,,,,,,,,,,,2,1,2,2,,,,,NFI,Completé,Non,Non,Non,Non,Non,Non,Oui,Non,Non,Non,Non,Non,Non,Non,Oui,Non,Non,Non,Non,Non,Non,Oui,Non,Envoyé au CoPil,Completé,Non,Non,Non,Oui,Non,Non,Oui,Non,Non,Non,Non,Non,Non,Non,Oui,Non,Non,Non,Non,Non,Non,Oui,Non,En cours,,Rafai,,Mbomou,,,,Rafai,24.585240,5.092950
2048303893,17.05.2015,13.05.2015,25.05.2015,PU-AMI,Berberati,2015,PU_EVE_20150501,1,,9,,9,,,,,,,,,,,,,,,,9,9,,,,,54,54,,,,,18,18,,,,,18,18,,,,,18,18,,,,,18,18,,,,,9,9,,,,,,,,,,,,9,9,,,,9,9,,,,,18,18,,,,,,,,,,,,200,200,,,,,,,,,,,1,4,,,1,1,1,,,,NFI-WASH,Completé,Non,Non,Non,Oui,Non,Non,Non,Non,Non,Non,Non,Non,Non,Non,Non,Non,Oui,Non,Non,Non,Non,Oui,Non,Envoyé au CoPil,Completé,Non,Oui,Non,Non,Non,Oui,Non,Non,Non,Non,Non,Non,Non,Non,Non,Non,Oui,Non,Non,Non,Non,Oui,Non,Envoyé au CoPil,,Berberati,,Mambere-Kadei,,,,Basse-Batouri,15.787529,4.255473
1982703657,19.05.2015,16.05.2015,26.06.2015,ACF,Bowara,2015,ACF_BOW_20150417,1,,550,1998,,,,,550,1998,,,,,,,,,,,550,,,550,,,3300,,,3300,,,1100,,,1100,,,1100,,,1100,,,,,,,,,1100,,,1100,,,420,,,420,,,,,,,,,550,,,550,,,,,,,,,,,,,,,,,,,,,,1998,,,1998,,,,,,,,,,50,2,2,2,2,2,,,,NFI-WASH,Completé,Non,Oui,Non,Non,Oui,Non,Non,Non,Non,Non,Non,Non,Non,Non,Oui,Non,Non,Non,Non,Non,Non,Oui,Non,Envoyé au CoPil,Completé,Non,Non,Non,Non,Oui,Non,Non,Non,Non,Non,Non,Non,Non,Non,Oui,Non,Non,Non,Non,Non,Non,Oui,Non,Envoyé au CoPil,,Nana-Bakassa,,Ouham,,,,Nana-Bakassa,17.384206,7.169761
241169077,12.05.2015,19.05.2015,26.06.2015,ACF,Kouki,2015,ACF_KOU_20150325,1,,1450,8339,,,,,1450,8339,,,,,,,,,,,1450,,,1450,,,17400,,,17400,,,2900,,,2900,,,2900,,,2900,,,,,,,,,2900,,,2900,,,989,,,989,,,,,,,,,,,,,,,,,,,,,,,,,,,,,,,,,,8356,,,8356,,,,,,,,,,50,5,4,4,4,4,,,,NFI-WASH,Completé,Non,Oui,Non,Non,Non,Non,Non,Non,Non,Non,Oui,Non,Non,Non,Oui,Non,Non,Non,Non,Non,Non,Oui,Non,Envoyé au CoPil,Completé,Non,Non,Non,Non,Oui,Non,Non,Non,Non,Non,Non,Non,Non,Non,Oui,Non,Non,Non,Non,Non,Non,Oui,Non,Envoyé au CoPil,,Nana-Bakassa,,Ouham,,,,Nana-Bakassa,17.309082,7.166343
1253832593,06.04.2015,22.05.2015,27.05.2015,DRC,Bokaioua,2015,DRC_BOK_20150209,8,,,,,,,,,,,,,,,,,,,,,,,,,,,,,,,,,,,,,,,,,,,,,,,,,,,,,,,,,,,,,,,,,,,,,,,,,,,,,,,,,,,,,,,,,,,,,2065,,,,,,1009,1056,,,,,,,3,,,5,,,,,WASH,NA,Non,Non,Non,Oui,Non,Non,Non,Non,Non,Non,Non,Non,Non,Non,Oui,Oui,Non,Oui,Non,Non,Non,Non,Non,,Completé,Non,Oui,Non,Non,Non,Non,Non,Non,Non,Non,Non,Non,Non,Non,Oui,Oui,Non,Non,Non,Non,Non,Oui,Non,Envoyé au CoPil,,Kabo,,Ouham,,,,Ouaki,18.538442,7.279787
1451352,26.05.2015,26.05.2015,31.05.2015,ACTED,Kpadou,2015,ACTED_KPA_20150505,4,,1755,8775,,,,,,,,,1755,8775,,,,,,,,,,,,,8775,,,,,8775,,,,,,,,,,,,,1755,,,,,1755,,,,,,,,,,,,,,,,,,,1755,,,,,1755,,,,,,,,,,,,,,,,,,,,1755,,,,,1755,,,,,,,,,,,4,4,,,,,NFI-WASH,Completé,Non,Non,Non,Non,Non,Non,Oui,Non,Oui,Non,Non,Non,Non,Non,Non,Non,Non,Non,Non,Non,Non,Oui,Non,Envoyé au CoPil,Completé,Non,Non,Non,Non,Non,Non,Oui,Non,Non,Non,Non,Non,Non,Non,Non,Non,Oui,Non,Non,Non,Non,Non,Non,Envoyé au CoPil,,Kembe,,Basse-Kotto,,,,Mboui,21.375632,4.531658
359034048,27.05.2015,29.05.2015,31.05.2015,ACTED,Zabé,2015,ACTED_ZAB_20150422,5,,262,,,,,,262,,,,,,,,,,,,262,,,262,,,1834,,,1834,,,262,,,262,,,262,,,262,,,262,,,262,,,524,,,524,,,262,,,262,,,,,,,,,262,,,262,,,,,,,,,,,,,,,,,,,,,,1014,,,1014,,,510,426,78,,,,,,,,3,3,,,,,NFI,Completé,Non,Non,Non,Non,Non,Non,Oui,Non,Non,Non,Non,Non,Non,Non,Oui,Non,Non,Non,Non,Non,Non,Oui,Non,Envoyé au CoPil,Completé,Non,Non,Non,Non,Non,Non,Oui,Non,Non,Non,Non,Non,Non,Non,Oui,Non,Non,Non,Non,Non,Non,Oui,Non,Envoyé au CoPil,,Bakouma,,Mbomou,,,,Bakouma,22.235056,5.908856
559577938,17.05.2015,30.05.2015,12.06.2015,PU-AMI,Boy bale,2015,PU_MBA_20150313,6,,1123,7259,,,,,1123,7259,,,,,1201,1405,1841,2812,,,1123,,,1123,,,6738,,,6738,,,1123,,,1123,,,2246,,,2246,,,0,,,,,,2246,,,2246,,,1123,,,1123,,,,,,,,,2246,,,2246,,,1007,,,1007,,,,,,,,,,,,,,,,1000,,,1000,,,,,,,,,,,2,2,6,6,,,,,NFI-WASH,Completé,Non,Oui,Non,Oui,Non,Non,Non,Non,Non,Non,Oui,Non,Non,Non,Non,Non,Non,Non,Non,Non,Non,Oui,Non,En cours,Completé,Non,Non,Non,Oui,Non,Non,Non,Non,Non,Non,Oui,Non,Non,Non,Non,Non,Non,Non,Non,Non,Non,Oui,Non,En cours,,Gadzi,,Mambere-Kadei,,,,Mbali,16.757124,5.225732
805162555,23.06.2015,18.06.2015,25.06.2015,ACF,Baboua,2015,ACF_BAB_20150606,1,,142,823,142,823,,,,,,,,,,,,,,,142,142,,,,,1578,1578,,,,,276,276,,,,,276,276,,,,,276,276,,,,,276,276,,,,,138,138,,,,,,,,,,,138,138,,,,,,,,,,,,,,,,,,,,,,,,,,,,,,,,,,,,,,,,,,,,,,NFI,Completé,Non,Non,Non,Non,Non,Non,Oui,Non,Non,Non,Non,Non,Non,Non,Non,Non,Oui,Non,Non,Non,Non,Oui,Non,Envoyé au CoPil,Annulé,Non,Non,Non,Non,Non,Non,Oui,Non,Non,Non,Non,Non,Non,Non,Non,Non,Oui,Non,Non,Oui,Non,Non,Non,En cours,,Baboua,,Nana-Mambere,,,,Baboua,14.832919,5.806589
1117806844,16.06.2015,22.06.2015,15.07.2015,ACF,Bodé,2015,ACF_BOD_20150519,1,,543,,,,,,543,,,,,,,,,,,,,,,,,,,,,,,,,,,,,,,,,,,,,,,,,,,,,,,,,,,,,,,,,,,,,,,,,,,,,,,,,,,,,,,,,,,,,,,,,,,,,,,,,,,,,,,,,,,NFI-WASH,Completé,Non,Oui,Non,Non,Oui,Non,Non,Non,Non,Non,Non,Non,Non,Non,Non,Oui,Non,Non,Oui,Non,Non,Oui,Non,En cours,Completé,Non,Non,Non,Non,Oui,Non,Non,Non,Non,Non,Non,Non,Non,Non,Non,Oui,Non,Non,Non,Non,Non,Non,Non,En cours,,Batangafo,,Ouham,,,,Batangafo,17.428594,7.171736
1999200123,30.06.2015,26.06.2015,09.07.2015,ACTED,Goya,2015,ACT_GOY_20150616,1,,,,,,,,,,,,,,,,,,,,,,,,,,,,,,,,,,,,,,,,,,,,,,,,,,,,,,,,,,,,,,,,,,,,,,,,,,,,,,,,,,,,,,,,,,,,,,,,,,,,,,,,,,,1,1,2,2,,,,,WASH,NA,Oui,Non,Non,Non,Non,Non,Non,Non,Oui,Non,Non,Non,Non,Non,Non,Non,Non,Non,Non,Non,Non,Oui,Non,En cours,En cours,Non,Non,Non,Non,Non,Non,Oui,Non,Non,Non,Non,Non,Non,Non,Non,Non,Oui,Non,Non,Non,Non,Oui,Non,En cours,,Kouango,,Ouaka,,,,Cochio-Toulou,20.686183,4.928531
1114124448,06.07.2015,03.07.2015,29.08.2015,PU-AMI,Mboussa,2015,PU_MBO_20150623,4,,1392,,10,50,,,144,720,,,1238,6190,2669,2957,4019,,,,,10,,144,,1238,6960,50,,720,,6190,,,,,,,,,,,,,1392,10,,144,,1238,,,,,,,,,,,,,,,,,,,1392,10,,144,,1238,,,,,,,,,,,,,,,,,,,,3000,,,,,3000,,,,,,,,,6,4,,6,,,,,WASH,Completé,Non,Non,Non,Non,Non,Non,Oui,Non,Non,Non,Non,Non,Non,Non,Non,Non,Oui,Non,Non,Non,Non,Oui,Non,En cours,En cours,Non,Non,Non,Non,Non,Non,Oui,Non,Non,Non,Non,Non,Non,Non,Non,Non,Oui,Non,Non,Non,Non,Oui,Non,,,Nola,,Sangha-Mbaere,,,,Nola,16.197823,3.715970
1590762105,06.07.2015,03.07.2015,18.07.2015,PU-AMI,Nola,2015,PU_NOL_20150623,1,,170,962,87,492,59,333,13,84,0,0,11,53,351,320,201,,,,170,87,59,13,,11,850,435,295,65,,55,,,,,,,,,,,,,170,87,59,13,,11,,,,,,,,,,,,,,,,,,,170,87,59,13,,11,,,,,,,,,,,,,,,,,,,,962,492,333,84,,53,351,302,201,,,,20,20,0,,1,1,1,,,,WASH,En cours,Non,Non,Non,Non,Non,Non,Oui,Non,Non,Non,Non,Non,Non,Non,Non,Non,Oui,Non,Non,Non,Non,Oui,Non,En cours,En cours,Non,Non,Non,Non,Non,Non,Oui,Non,Non,Non,Non,Non,Non,Non,Non,Non,Oui,Non,Non,Non,Non,Oui,Non,,,Nola,,Sangha-Mbaere,,,,Nola,16.044940,3.524026
2010434513,14.07.2015,13.07.2015,15.08.2015,DRC,Pama,2015,ACF_PAM_20150624,1,,109,510,,,,,109,510,,,,,261,249,,,,,109,,,109,,,654,,,654,,,218,,,218,,,,,,,,,218,,,218,,,218,,,218,,,,,,,,,,,,,,,218,,,218,,,109,,,109,,,,,,,,,,,,,,,,546,,,546,,,326,220,,,,,,,1,1,1,1,,,,,NFI-WASH,Completé,Non,Non,Non,Non,Non,Oui,Non,Oui,Non,Non,Non,Non,Non,Non,Oui,Oui,Non,Non,Non,Non,Non,Oui,Non,En cours,Completé,Non,Non,Non,Non,Non,Non,Oui,Non,Non,Non,Non,Non,Non,Non,Non,Non,Oui,Non,Non,Non,Non,Oui,Non,Envoyé au CoPil,,Batangafo,,Ouham,,,,Hama,17.468886,7.172058
2022430054,01.08.2015,16.07.2015,20.07.2015,SI,Kaga-Bandoro,2015,SI_BI2_20150516,2,,326,1630,326,1630,0,0,0,0,0,0,0,0,,,,,,,326,326,0,0,0,0,1956,0,0,0,0,0,326,326,0,0,0,0,652,652,0,0,0,0,326,326,0,0,0,0,652,652,0,0,0,0,326,326,0,0,0,0,0,0,0,0,0,0,326,326,0,0,0,0,0,0,0,0,0,0,0,0,0,0,0,0,0,0,0,0,0,0,,1630,1630,0,0,0,0,,,,,,,0,0,0,0,0,1,0,,,,NFI-WASH,Completé,Non,Non,Non,Non,Non,Non,Oui,Non,Non,Non,Non,Non,Non,Non,Non,Non,Oui,Non,Non,Non,Non,Non,Non,Envoyé au CoPil,Completé,Non,Non,Non,Non,Non,Non,Oui,Non,Non,Non,Non,Non,Non,Non,Non,Non,Oui,Oui,Non,Non,Non,Oui,Non,Envoyé au CoPil,,Kaga-Bandoro,,Nana-Gribizi,,,,Kaga-Bandoro,19.185733,6.992369
641688559,28.07.2015,24.07.2015,14.09.2015,ACF,Ndengou,2015,ACF_NDE_20150710,8,,1601,7909,0,0,0,0,1601,7909,0,0,0,0,,,,,,,1601,0,0,1601,0,0,9606,0,0,9606,0,0,3202,0,0,3202,0,0,3202,0,0,3202,0,0,1601,0,0,1601,0,0,1601,0,0,1601,0,0,1601,0,0,1601,0,0,0,0,0,0,0,0,1601,0,0,1601,0,0,1601,0,0,1601,0,0,0,0,0,0,0,0,0,0,0,0,0,0,,725,0,0,725,0,0,193,235,297,,,,6,12,3,,6,6,3,,,,NFI-WASH,Completé,Non,Non,Non,Non,Non,Non,Non,Oui,Non,Non,Oui,Non,Non,Non,Non,Non,Non,Non,Non,Non,Non,Non,Non,Envoyé au CoPil,Completé,Non,Non,Non,Non,Non,Non,Non,Oui,Non,Non,Oui,Non,Non,Non,Non,Non,Non,Non,Non,Non,Non,Non,Non,Envoyé au CoPil,,Ndjoukou,,Kemo,,,,Galabadja,19.797664,5.119656
1603565096,02.08.2015,28.07.2015,05.08.2015,SI,Kaga-Bandoro,2015,SI_NDE_20150706,4,,1310,6550,,,,,1310,6550,,,,,,,,,,,1310,,,1310,,,7860,,,7860,,,1310,,,1310,,,2620,,,2620,,,2620,,,2620,,,2620,,,2620,,,1310,,,1310,,,,,,,,,1310,,,1310,,,,,,,,,,,,,,,,,,,,,,6550,,,6550,,,,,,,,,,,,,,5,,,,,NFI-WASH,Completé,Non,Non,Non,Non,Non,Non,Oui,Non,Non,Non,Non,Non,Non,Non,Non,Non,Oui,Non,Non,Non,Non,Oui,Non,Envoyé au CoPil,Completé,Non,Non,Non,Non,Non,Non,Oui,Non,Non,Non,Non,Non,Non,Non,Non,Non,Oui,Non,Non,Non,Non,Oui,Non,Envoyé au CoPil,,Kaga-Bandoro,,Nana-Gribizi,,,,Kaga-Bandoro,19.185733,6.992369
77070154,29.07.2015,29.07.2015,27.08.2015,ACTED,Bianga,2015,ACTED_BIA_20150715,,,2125,10625,,,,,1521,7605,,,604,3020,,,,,,,10625,,,7605,,3020,9126,,,9126,,,3042,,,3042,,,3042,,,3042,,,3042,,,3042,,,4230,,,3042,,1188,1521,,,1521,,,,,,,,,1521,,,1521,,,,,,,,,,,,,,,,,,,,,,,,,,,,,,,,,,,,,,19,19,,,,,NFI-WASH,Completé,Non,Non,Non,Non,Non,Non,Oui,Non,Non,Non,Non,Non,Non,Non,Non,Non,Oui,Non,Non,Non,Non,Oui,Non,Envoyé au CoPil,Completé,Non,Non,Non,Non,Non,Non,Oui,Non,Non,Non,Non,Non,Non,Non,Non,Non,Oui,Non,Non,Non,Non,Oui,Non,Envoyé au CoPil,,Kouango,,Ouaka,,,,Kouango,20.400000,4.830000
1164992505,09.08.2015,06.08.2015,07.08.2015,DRC,Bepikasse 1,2015,DRC_BEP_20150624,1,,230,1103,,,,,230,1103,,,,,539,564,,,,,230,,,230,,,1380,,,1380,,,460,,,460,,,460,,,460,,,,,,,,,460,,,460,,,,,,,,,,,,,,,230,,,230,,,,,,,,,,,,,,,,,,,,,,,,,,,,,,,,,,,,,,,,,,,,NFI,Completé,Non,Non,Non,Non,Non,Oui,Non,Non,Non,Non,Non,Non,Non,Non,Non,Non,Non,Oui,Non,Non,Non,Oui,Non,En cours,NA,Oui,Non,Non,Non,Non,Non,Non,Non,Oui,Non,Non,Non,Non,Non,Non,Non,Non,Non,Non,Non,Non,Non,Non,,,Paoua,,Ouham Pende,,,,Mia-Pende,16.638503,7.604638
1939243348,17.08.2015,08.08.2015,10.08.2015,DRC,Bémal 1,2015,DRC_BEM_20150712,1,,206,1035,,,,,206,1035,,,,,512,523,,,,,206,,,206,,,1236,,,1236,,,412,,,412,,,,,,,,,412,,,412,,,412,,,412,,,206,,,206,,,,,,,,,206,,,206,,,206,,,206,,,,,,,,,,,,,,,,1035,,,1035,,,512,535,,,,,,,,,1,1,,,,,NFI-WASH,Completé,Non,Non,Non,Non,Non,Oui,Non,Non,Non,Non,Non,Non,Non,Non,Oui,Non,Non,Non,Non,Non,Non,Oui,Non,Envoyé au CoPil,Completé,Non,Non,Non,Non,Non,Oui,Non,Non,Non,Non,Non,Non,Non,Non,Oui,Non,Non,Non,Non,Non,Non,Oui,Non,Envoyé au CoPil,,Batangafo,,Ouham,,,,,17.867414,7.128078
605241293,18.08.2015,24.08.2015,28.08.2015,ACTED,Manoeuvre,2015,ACT_MAN_20150609,,,891,4166,,,,,710,3550,,,181,905,449,442,1045,,,,891,,,710,,181,5875,,,4970,,908,710,,,710,,,1420,,,1420,,,710,,,710,,,1782,,,1420,,362,710,,,710,,,,,,,,,891,,,710,,181,181,,,,,181,,,,,,,,,,,,,,,,,,,,,,,,,,,,,,2,2,,,,,NFI-WASH,Completé,Non,Non,Non,Non,Non,Oui,Non,Non,Non,Non,Non,Non,Non,Non,Non,Non,Non,Oui,Non,Non,Non,Oui,Non,Envoyé au CoPil,Completé,Non,Non,Non,Non,Non,Oui,Non,Non,Non,Non,Non,Non,Non,Non,Non,Non,Non,Oui,Non,Non,Non,Oui,Non,Envoyé au CoPil,,Zangba,,Basse-Kotto,,,,Yabongo,20.752234,4.433675
1797822208,29.10.2015,27.08.2015,27.08.2015,SI,Botto,2015,SI_BOT_20150722,8,,255,1275,0,0,0,0,255,1275,0,0,0,0,,,,,,,255,,,255,,,1530,,,1530,,,255,,,255,,,510,,,510,,,510,,,510,,,510,,,510,,,255,,,255,,,,,,,,,255,,,255,,,255,,,255,,,,,,,,,,,,,,,,0,,,,,,,,,,,,,,3,,,1,,,,,NFI,Completé,Non,Oui,Non,Non,Non,Non,Non,Non,Non,Oui,Non,Non,Non,Non,Non,Non,Non,Non,Non,Non,Non,Non,Non,Envoyé au CoPil,En attente (délais),Oui,Non,Non,Non,Non,Non,Non,Non,Oui,Non,Non,Non,Non,Non,Non,Non,Non,Non,Non,Oui,Non,Non,Non,,,Kaga-Bandoro,,Nana-Gribizi,,,,Botto,19.100667,6.975222
1671845181,22.09.2015,07.09.2015,12.09.2015,SI,Mbres,2015,SI_MBR_20150823,5,,334,1609,334,1609,0,0,0,0,0,0,0,0,54,280,0,1,296,27,334,334,0,0,0,0,2004,2004,0,0,0,0,668,668,0,0,0,0,668,0,0,0,0,0,334,334,0,0,0,0,668,668,0,0,0,0,334,334,0,0,0,0,0,0,0,0,0,0,334,334,0,0,0,0,0,0,0,0,0,0,668,668,0,0,0,0,0,0,0,0,0,0,,,,,,,,,,,,,,,,,,,,,,,,NFI,Completé,Non,Non,Non,Non,Non,Non,Oui,Oui,Non,Non,Non,Non,Non,Non,Non,Non,Non,Non,Oui,Non,Non,Oui,Non,Envoyé au CoPil,NA,Oui,Non,Non,Non,Non,Non,Non,Non,Oui,Non,Non,Non,Non,Non,Non,Non,Non,Non,Non,Non,Non,Oui,Non,,,Mbres,,Nana-Gribizi,,,,Mbres,19.799937,6.667027
625075760,08.09.2015,08.09.2015,11.09.2015,ACTED,Kpadou,2015,ACTED_KPA_20150829,,,1954,9770,53,5,,,1901,9505,,,,,,,,,,,,,,,,,5853,285,,5703,,,,,,,,,,,,,,,,,,,,,3908,106,,3802,,,,,,,,,,,,,,,,,,,,,,,,,,,,,,,,,,,,,,,,,,,,,,,,,,,,,,,,,,,,,,NFI-WASH,Completé,Non,Non,Non,Non,Non,Non,Oui,Non,Non,Non,Non,Non,Non,Non,Non,Non,Non,Non,Oui,Non,Non,Oui,Non,Envoyé au CoPil,Completé,Non,Non,Non,Non,Non,Non,Oui,Non,Oui,Non,Non,Non,Non,Non,Non,Non,Oui,Non,Non,Non,Non,Oui,Non,Envoyé au CoPil,,Kembe,,Basse-Kotto,,,,Mboui,21.375632,4.531658
981369370,27.10.2015,15.09.2015,15.09.2015,DRC,Bedam,2015,DRC_BED_20150804,1,,,,,,,,,,,,,,,,,,,,,,,,,,,,,,,,,,,,,,,,,,,,,,,,,,,,,,,,,,,,,,,,,,,,,,,,,,,,,,,,,,,,,,,,,,,,,460,406,,56,,,,,,,,,,,,,,1,,,,,WASH,NA,Oui,Non,Non,Non,Non,Non,Non,Non,Oui,Non,Non,Non,Non,Non,Non,Non,Non,Non,Non,Non,Non,Non,Non,,Completé,Oui,Non,Non,Non,Non,Non,Non,Non,Non,Non,Non,Oui,Non,Non,Non,Non,Non,Non,Non,Non,Non,Non,Non,Envoyé au CoPil,,Paoua,,Ouham Pende,,,,Mia-Pende,16.521117,7.696461
1884949695,27.10.2015,15.09.2015,15.09.2015,DRC,Bedoua 2,2015,DRC_BED_20150915,3,,750,3070,65,190,60,296,,,,,,,,,,,,,,,,,,,,,,,,,,,,,,,,,,,,,,,,,,,,,,,,,,,,,,,,,,,,,,,,,,,,,,,,,,,,,,,,,,,,,,,,,,,,,,,,,,,,,,,,,,,,NFI,Completé,Non,Non,Non,Non,Non,Non,Non,Oui,Non,Non,Non,Non,Non,Non,Non,Non,Non,Oui,Non,Non,Non,Oui,Non,Envoyé au CoPil,NA,Oui,Non,Non,Non,Non,Non,Non,Non,Oui,Non,Non,Non,Non,Non,Non,Non,Non,Non,Non,Non,Non,Oui,Non,,,Paoua,,Ouham Pende,,,,Mia-Pende,16.498001,7.714503
1786244956,14.09.2015,16.09.2015,18.09.2015,DRC,Ndoubou,2015,DRC_NDO_20150815,1,,332,1839,265,1524,67,315,,,,,,,,,,,,,,,,,,,,,,,,,,,,,,,,,,,,,,,,,,,,,,,,,,,,,,,,,,,,,,,,,,,,,,,,,,,,,,,,,,,,,,,,,,,,,,,,,,,,,,,,,,,,NFI,Completé,Non,Non,Non,Non,Non,Non,Oui,Oui,Non,Non,Non,Non,Non,Non,Non,Non,Non,Non,Oui,Non,Non,Oui,Non,Envoyé au CoPil,NA,Oui,Non,Non,Non,Non,Non,Non,Non,Oui,Non,Non,Non,Non,Non,Non,Non,Non,Non,Non,Non,Non,Non,Non,,,Batangafo,,Ouham,,,,Batangafo,18.320867,7.314133
853679677,08.10.2015,23.09.2015,25.09.2015,ACTED,Nzéleté,2015,ACTED_MAL_20150802,,,823,4115,438,2190,,,,,,,385,1925,,,,,,,823,438,,,,385,4591,3066,,,,1525,823,438,,,,385,876,876,,,,,438,438,,,,,1646,876,,,,470,438,438,,,,,,,,,,,,,,,,,438,438,,,,,,,,,,,,,,,,,,2835,,,,,,,,,,,,,,,,,,,,,,NFI-WASH,Completé,Non,Non,Non,Non,Non,Oui,Non,Non,Non,Non,Non,Non,Non,Non,Non,Non,Non,Oui,Non,Non,Non,Oui,Non,Envoyé au CoPil,Completé,Non,Non,Non,Non,Non,Oui,Non,Non,Non,Non,Non,Non,Non,Non,Non,Non,Non,Oui,Non,Non,Non,Oui,Non,Envoyé au CoPil,,Alindao,,Basse-Kotto,,,,Bangui-Kette,21.027530,5.087301
513491467,10.10.2015,24.09.2015,27.09.2015,ACF,Minime,2015,ACF_SAB_20150820,4,,320,1620,0,0,0,0,320,1621,0,0,0,0,809,812,253,0,0,0,,0,0,320,0,0,1920,0,0,1920,0,0,640,0,0,640,0,0,640,0,0,640,0,0,320,0,0,320,0,0,640,0,0,640,0,0,320,0,0,320,0,0,0,0,0,0,0,0,320,0,0,320,0,0,0,0,0,0,0,0,0,0,0,0,0,0,0,0,0,0,0,0,,1621,0,0,1621,0,0,809,812,253,0,0,0,0,0,0,0,1,1,0,,,,NFI-WASH,Completé,Non,Non,Non,Non,Non,Non,Non,Oui,Non,Non,Non,Non,Non,Non,Non,Non,Non,Non,Oui,Non,Non,Non,Non,En cours,Completé,Non,Non,Non,Non,Non,Non,Non,Oui,Non,Non,Non,Non,Non,Non,Non,Non,Non,Non,Oui,Non,Non,Non,Non,En cours,,Bouar,,Nana-Mambere,,,,Niem-Yelewa,15.179215,6.722684
1965407672,10.10.2015,25.09.2015,01.10.2015,ACF,Bouca,2015,ACF_GBA_20150724,2,,430,1866,154,550,,,,,,,276,1316,596,662,346,,,,430,154,,,,276,2580,924,,,,1656,860,308,,,,552,860,308,,,,552,430,154,,,,276,860,308,,,,276,154,154,,,,0,,,,,,,430,154,,,,276,154,154,,,,,,,,,,,,,,,,,,585,,,,,,278,178,,129,,,14,42,2,14,1,1,2,,,,NFI-WASH,En attente (délais),Non,Non,Non,Non,Non,Non,Non,Oui,Non,Oui,Non,Non,Non,Non,Oui,Oui,Non,Non,Non,Non,Non,Non,Non,En cours,En attente (délais),Non,Non,Non,Non,Non,Non,Non,Oui,Non,Oui,Non,Non,Non,Non,Oui,Oui,Non,Non,Non,Non,Non,Non,Non,En cours,,Bouca,,Ouham,,,,Bouca Bobo,18.279259,6.502576
1250964079,13.10.2015,19.10.2015,21.10.2015,ACTED,Boy Kota,2015,ACT_GOY_20150802,,,,,,,,,,,,,,,,,,,,,,,,,,,,,,,,,,,,,,,,,,,,,,,,,,,,,,,,,,,,,,,,,,,,,,,,,,,,,,,,,,,,,,,,,,,,,,,,,,,,,,,,,,,,,,,,,,,,NFI-WASH,Prévu,Non,Non,Non,Non,Non,Non,Oui,Non,Non,Non,Non,Non,Non,Non,Non,Non,Oui,Non,Non,Non,Non,Oui,Non,,Prévu,Non,Non,Non,Non,Non,Non,Non,Oui,Non,Non,Non,Non,Non,Non,Non,Non,Non,Non,Oui,Non,Non,Oui,Non,,,Kouango,,Ouaka,,,,Cochio-Toulou,20.576496,5.158270
1525961299,28.10.2015,20.10.2015,13.11.2015,PU-AMI,Gamboula,2015,PU_GAM_20151010,1,,900,6057,834,5376,30,392,9,94,0,0,27,195,1824,2034,2199,,,,900,834,30,9,,27,3600,3336,120,36,,108,1800,1668,60,18,,54,1800,1668,60,18,,54,900,834,30,9,,27,1800,1668,60,18,,54,900,834,30,9,,27,,,,,,,900,834,30,9,,27,,,,,,,,,,,,,,,,,,,,9770,,,,,,,,,,,,,,4,4,4,4,,,,,NFI-WASH,Completé,Non,Non,Non,Oui,Non,Oui,Non,Non,Non,Oui,Oui,Non,Non,Non,Non,Non,Non,Non,Non,Non,Non,Oui,Non,Envoyé au CoPil,Completé,Non,Non,Non,Oui,Non,Oui,Non,Non,Non,Oui,Oui,Non,Non,Non,Non,Non,Non,Oui,Non,Non,Non,Oui,Non,Envoyé au CoPil,,Gamboula,,Mambere-Kadei,,,,Basse-Boumne,15.137363,4.121131
818893573,07.12.2015,09.11.2015,25.11.2015,PU-AMI,Nola,2015,PU_NOL_20151106,5,,381,2499,127,797,23,182,16,104,,,215,1416,815,838,846,,,,381,127,23,16,,215,2286,762,138,96,,1290,,,,,,,,,,,,,762,254,46,32,,430,,,,,,,,,,,,,,,,,,,381,127,23,16,,215,,,,,,,,,,,,,,,,,,,,2108,195,345,0,0,1568,512,676,920,,,,,,2,2,,2,,,,,NFI-WASH,Completé,Non,Non,Non,Non,Non,Non,Oui,Non,Non,Oui,Oui,Non,Non,Non,Non,Non,Non,Oui,Non,Non,Non,Oui,Non,En cours,Completé,Non,Non,Non,Non,Non,Non,Oui,Non,Non,Oui,Non,Non,Non,Non,Non,Non,Non,Oui,Non,Non,Non,Oui,Non,En cours,,Nola,,Sangha-Mbaere,,,,Nola,16.044940,3.524026
49370255,14.12.2015,11.11.2015,08.12.2015,SI,Ouandago 4,2015,SI_OUA_20150923,1,,198,1296,198,1296,0,0,0,0,0,0,0,0,,,,,,,198,198,0,0,0,0,1188,1188,0,0,0,0,396,396,0,0,0,0,396,396,0,0,0,0,396,396,0,0,0,0,396,396,0,0,0,0,198,198,0,0,0,0,0,0,0,0,0,0,198,198,0,0,0,0,0,0,0,0,0,0,0,0,0,0,0,0,0,0,0,0,0,0,,1296,1296,,,,,,,,,,,,,1,1,1,1,0,,,,NFI-WASH,Completé,Non,Non,Non,Non,Non,Non,Oui,Non,Non,Non,Non,Non,Non,Non,Non,Non,Non,Non,Oui,Non,Non,Non,Non,En cours,Completé,Non,Non,Non,Non,Oui,Non,Non,Non,Non,Non,Non,Non,Non,Non,Non,Non,Non,Non,Oui,Non,Non,Non,Non,En cours,,Kaga-Bandoro,,Nana-Gribizi,,,,Nana-Outa,18.842700,7.262246
1287429507,15.02.2016,28.11.2015,15.12.2015,ACF,Beya,2015,ACF_Bey_20151128,2,,195,709,98,348,,,,,,,97,361,159,190,122,,,,195,98,,,,97,1170,588,,,,582,390,196,,,,194,390,196,,,,194,195,98,,,,97,390,196,,,,194,98,98,,,,,,,,,,,195,98,,,,97,98,98,,,,,,,,,,,,,,,,,,707,315,,,,392,159,190,122,,,,,12,1,1,198,198,1,,,,NFI-WASH,Completé,Non,Non,Non,Non,Non,Non,Non,Oui,Non,Non,Non,Non,Non,Non,Non,Oui,Non,Non,Non,Non,Non,Non,Non,,Completé,Non,Non,Non,Non,Non,Non,Non,Oui,Non,Non,Non,Non,Non,Non,Non,Oui,Non,Non,Non,Non,Non,Non,Non,,,Bouca,,Ouham,,,,Bouca Bobo,18.479614,6.509642
2091489153,15.02.2016,28.11.2015,15.12.2015,ACF,Gbassore,2015,ACF_Gba_20150724,1,,235,1159,56,235,,,,,,,179,924,278,282,224,,,,235,56,,,,179,1410,336,,,,1074,470,112,,,,358,470,112,,,,358,235,56,,,,179,470,112,,,,358,56,56,,,,,,,,,,,235,56,,,,179,56,56,,,,,,,,,,,,,,,,,,1159,235,,,,924,278,282,224,,,,,30,1,1,396,396,1,,,,NFI-WASH,Completé,Non,Non,Non,Non,Non,Non,Non,Oui,Non,Non,Non,Non,Non,Non,Non,Oui,Non,Non,Non,Non,Non,Non,Non,Envoyé au CoPil,Completé,Non,Non,Non,Non,Non,Non,Non,Oui,Non,Non,Non,Non,Non,Non,Non,Oui,Non,Non,Non,Non,Non,Non,Non,Envoyé au CoPil,,Bouca,,Ouham,,,,Bouca Bobo,18.408016,6.512249
392842597,08.12.2015,09.12.2015,18.12.2015,PU-AMI,Bayanga,2015,PU_BAY_20151117,2,,279,1438,,,,,161,848,,,118,590,503,522,413,436,501,88,279,,,161,,118,1674,,,966,,708,300,,,246,,54,300,,,246,,54,,,,,,,,,,,,,150,,,123,,,,,,,,27,279,,,161,,118,,,,,,,,,,,,,,,,,,,,279,,,161,848,118,503,522,413,436,501,88,0,0,1,1,1,2,1,,,,NFI-WASH,Completé,Non,Oui,Non,Oui,Non,Non,Non,Non,Non,Oui,Oui,Non,Non,Non,Non,Non,Non,Non,Non,Non,Non,Oui,Non,Envoyé au CoPil,Completé,Non,Oui,Non,Non,Non,Oui,Non,Non,Non,Oui,Oui,Non,Non,Non,Non,Non,Non,Non,Non,Non,Non,Oui,Non,Envoyé au CoPil,,Bayanga,,Sangha-Mbaere,,,,,16.269886,2.901436
1101030182,11.01.2016,16.12.2015,17.12.2015,SI,Lakouetene,2015,SI_MBR_20150924,9,,634,3170,,,,,634,3170,,,,,,,,,,,634,,,634,,,3804,,,3804,,,1268,,,1268,,,1268,,,1268,,,1268,,,1268,,,1268,,,1268,,,634,,,634,,,,,,,,,634,,,634,,,,,,,,,,,,,,,,,,,,,,,,,,,,,,,,,,,,3,1,,1,,,,,NFI-WASH,Completé,Non,Non,Non,Non,Non,Non,Oui,Non,Non,Non,Non,Non,Non,Non,Non,Non,Oui,Non,Non,Non,Non,Non,Non,Envoyé au CoPil,Completé,Non,Non,Non,Non,Non,Non,Oui,Non,Non,Non,Non,Non,Non,Non,Non,Non,Oui,Non,Non,Non,Non,Non,Non,Envoyé au CoPil,,Mbres,,Nana-Gribizi,,,,Mbres,19.821494,6.609372
1693122149,05.12.2015,27.12.2015,27.12.2015,SI,Batangafo,2015,SI_BAT_20151110,1,,693,3465,693,3465,,,,,,,,,,,,,,,693,693,,,,,4158,4158,,,,,1386,1386,,,,,1386,1386,,,,,1386,1386,,,,,1386,1386,,,,,693,693,,,,,,,,,,,693,693,,,,,693,693,,,,,,,,,,,,,,,,,,,,,,,,,,,,,,,,,,,,,,,,NFI,Completé,Non,Non,Non,Non,Non,Non,Oui,Non,Non,Non,Non,Non,Non,Non,Non,Non,Oui,Non,Non,Non,Non,Non,Non,Envoyé au CoPil,NA,Oui,Non,Non,Non,Non,Non,Non,Non,Oui,Non,Non,Non,Non,Non,Non,Non,Non,Non,Non,Non,Non,Non,Non,,,Batangafo,,Ouham,,,,Batangafo,18.285135,7.300987
1401799731,09.02.2016,09.01.2016,26.01.2016,ACF,Marali,2016,ACF_Mar_20151023,1,,400,1502,,,,,,,,,,,,,263,,,,400,,,,,,2400,2400,,,,,800,800,,,,,800,800,,,,,400,400,,,,,800,800,,,,,235,235,,,,,,,,,,,400,400,,,,,400,400,,,,,,,,,,,,,,,,,,1502,400,,,,,,,,,,,,,2,1,1,1,,,,,NFI-WASH,Completé,Non,Non,Non,Non,Non,Non,Non,Oui,Non,Non,Non,Non,Non,Non,Non,Oui,Non,Non,Non,Non,Non,Non,Non,Envoyé au CoPil,Completé,Non,Non,Non,Non,Non,Non,Non,Oui,Non,Non,Non,Non,Non,Non,Non,Oui,Non,Non,Non,Non,Non,Non,Non,Envoyé au CoPil,,Bouca,,Ouham,,,,,18.404156,6.036561
1303408070,10.02.2016,11.01.2016,16.01.2016,ACF,Marzé,2016,ACF_Mar_20150609,2,,340,1876,,,,,340,1876,,,,,,,289,,,,340,,,340,,,2040,,,,,,680,,,,,,680,,,,,,340,,,,,,680,,,,,,210,,,,,,,,,,,,340,,,,,,340,,,,,,,,,,,,,,,,,,,1876,,,,,,,,289,,,,,,,,,,,,,,NFI-WASH,Completé,Non,Non,Non,Non,Non,Non,Non,Oui,Non,Non,Oui,Non,Non,Non,Non,Oui,Non,Non,Non,Non,Non,Non,Non,Envoyé au CoPil,Completé,Non,Non,Non,Non,Non,Non,Non,Oui,Non,Non,Non,Non,Non,Non,Non,Oui,Non,Non,Non,Non,Non,Non,Non,Envoyé au CoPil,,Bouca,,Ouham,,,,,18.778981,6.847689
1910042210,08.03.2016,18.01.2016,16.02.2016,ACTED,Obo,2016,ACT_OBO_20151102,2,,236,1180,214,1070,22,110,,,,,,,,,,,,,,,,,,,1608,1498,110,,,,428,428,0,,,,472,428,44,,,,214,214,0,0,0,0,472,428,44,0,0,0,214,214,0,0,0,0,0,0,0,0,0,0,236,214,22,0,0,0,0,0,0,0,0,0,0,0,0,0,0,0,0,0,0,0,0,0,,2910,1377,,,,1533,311,386,196,,,,,,,,1,1,,,,,NFI-WASH,Completé,Non,Non,Non,Non,Non,Non,Non,Oui,Non,Non,Non,Non,Non,Non,Oui,Non,Non,Non,Non,Non,Non,Oui,Non,Envoyé au CoPil,Completé,Non,Non,Non,Non,Oui,Non,Non,Non,Non,Non,Non,Non,Non,Non,Oui,Non,Non,Non,Non,Non,Non,Oui,Non,Envoyé au CoPil,,Obo,,Haut-Mbomou,,,,Obo,26.488725,5.387019
1971937824,08.03.2016,01.02.2016,13.03.2016,PU-AMI,Mbandjifolo,2016,PU_MBA_20160112,1,,,,,,,,,,,,,,,,,,,,,,,,,,,,,,,,,,,,,,,,,,,,,,,,,,,,,,,,,,,,,,,,,,,,,,,,,,,,,,,,,,,,,,,,,,,,,1406,0,0,500,0,906,236,295,453,,,,,,,1,1,1,,,,,WASH,NA,Oui,Non,Non,Non,Non,Non,Non,Non,Oui,Non,Non,Non,Non,Non,Non,Non,Non,Non,Non,Non,Non,Oui,Non,,Completé,Non,Non,Non,Non,Oui,Non,Non,Non,Non,Non,Non,Non,Non,Non,Non,Non,Non,Non,Oui,Non,Non,Oui,Non,Envoyé au CoPil,,Dede-Mokouba,,Mambere-Kadei,,,,,15.255556,4.075833
940287146,22.03.2016,06.02.2016,24.03.2016,ACTED,Boy Kota,2016,ACT_BOY_20151118,33,,2004,9248,,,,,1658,7000,,,346,2248,,,,,,,2004,,,1658,,346,12024,,,9948,,2076,4008,,,3316,,692,4008,,,3316,,692,4008,,,3316,,692,4008,,,3316,,692,877,,,,,,,,,,,,2004,,,1658,,346,,,,,,,,,,,,,,,,,,,,,,,,,,,,,,,,,,,,8,8,,,,,NFI-WASH,Completé,Non,Non,Non,Non,Non,Oui,Non,Non,Non,Non,Non,Non,Non,Non,Non,Non,Non,Oui,Non,Non,Non,Oui,Non,Envoyé au CoPil,Completé,Non,Non,Non,Non,Non,Oui,Non,Non,Non,Non,Non,Non,Non,Non,Non,Non,Non,Oui,Non,Non,Non,Oui,Non,Envoyé au CoPil,,Kouango,,Ouaka,,,,Cochio-Toulou,20.576496,5.158270
85622440,15.02.2016,06.02.2016,12.02.2016,ACF,Sangare lim,2016,ACF_San_20151221,5,,499,3787,361,2714,,,,,,,138,1073,659,790,417,,,,499,361,,,,138,5988,2166,,,,828,1996,722,,,,276,1996,722,,,,276,499,361,,,,138,1996,722,,,,276,361,361,,,,,,,,,,,499,361,,,,138,,,,,,,,,,,,,,,,,,,,,,,,,,,,,,,,,,,,,,,,,,NFI,Completé,Non,Non,Non,Non,Non,Non,Non,Oui,Non,Non,Non,Non,Non,Non,Non,Non,Non,Non,Oui,Non,Non,Non,Non,Envoyé au CoPil,NA,Oui,Non,Non,Non,Non,Non,Non,Non,Oui,Non,Non,Non,Non,Non,Non,Non,Non,Non,Non,Non,Non,Non,Non,,,Koui,,Ouham Pende,,,,Koui,15.358343,6.950599
1757174626,09.05.2016,21.02.2016,03.03.2016,ACF,Bocaranga,2016,ACF_San_20160130,1,,872,4758,872,4758,,,,,,,,,,,,,,,872,872,,,,,5232,5232,,,,,5232,5232,,,,,5232,5232,,,,,872,872,,,,,5232,5232,,,,,872,872,,,,,,,,,,,872,872,,,,,872,872,,,,,,,,,,,,,,,,,,5936,1808,,,,4128,,,,,,,,,6,1,1,1,1,,,,NFI-WASH,Completé,Non,Non,Non,Non,Non,Non,Non,Oui,Non,Non,Non,Non,Non,Non,Non,Non,Non,Non,Oui,Non,Non,Oui,Non,Envoyé au CoPil,Completé,Non,Non,Non,Non,Non,Non,Non,Oui,Non,Non,Non,Non,Non,Non,Non,Non,Non,Non,Oui,Non,Non,Oui,Non,Envoyé au CoPil,,Koui,,Ouham Pende,,,,Koui,15.638319,6.996461
878448654,09.05.2016,27.02.2016,29.02.2016,ACF,Koui,2016,ACF_SA2_20160130,6,,1099,6077,1099,6077,,,,,,,,,,,,,,,1099,1099,,,,,6594,6594,,,,,2198,2198,,,,,2198,2198,,,,,1099,1099,,,,,2198,2198,,,,,1099,1099,,,,,,,,,,,1099,1099,,,,,1099,1099,,,,,,,,,,,,,,,,,,,,,,,,,,,,,,,,,,,,,,,,NFI,Completé,Non,Non,Non,Non,Non,Non,Non,Oui,Non,Non,Non,Non,Non,Non,Non,Non,Non,Non,Oui,Non,Non,Oui,Non,Envoyé au CoPil,NA,Oui,Non,Non,Non,Non,Non,Non,Non,Oui,Non,Non,Non,Non,Non,Non,Non,Non,Non,Non,Non,Non,Oui,Non,,,Koui,,Ouham Pende,,,,Koui,15.453221,6.951955
2000325576,27.04.2016,02.03.2016,22.03.2016,PU-AMI,Gbambia,2016,PU_GBA_20160217,1,,598,3219,89,431,18,113,372,2062,,,119,613,656,700,927,936,,,598,89,18,372,,119,3588,534,108,2232,,714,1196,,,,,,1196,,,,,,1196,,,,,,1196,,,,,,598,,,,,,0,,,,,,598,,,,,,0,,,,,,0,,,,,,,0,,,,,,500,,,,,,,,,,,,,,1,1,1,1,,,,,NFI-WASH,Completé,Non,Non,Non,Non,Non,Non,Oui,Non,Non,Non,Non,Non,Non,Non,Non,Non,Oui,Non,Non,Non,Non,Oui,Non,Envoyé au CoPil,Completé,Non,Non,Non,Non,Non,Non,Oui,Non,Non,Non,Oui,Non,Non,Non,Non,Non,Non,Oui,Non,Non,Non,Oui,Non,Envoyé au CoPil,,Amada-Gaza,,Mambere-Kadei,,,,Haute-Boumbe,14.985558,4.791097
1704968239,17.05.2016,03.03.2016,20.04.2016,ACTED,Mabo,2016,ACT_MAB_20160203,2,,184,994,,,,,184,920,,,,,,,,,,,184,,,184,,,1288,,,1288,,,368,,,368,,,368,,,368,,,184,,,184,,,368,,,368,,,,,,,,,,,,,,,184,,,184,,,,,,,,,,,,,,,,,,,,,,1084,,,920,,165,,,,,,,,,1,1,,1,,,,,NFI-WASH,Completé,Non,Non,Non,Non,Non,Oui,Non,Non,Non,Non,Non,Non,Non,Non,Non,Non,Non,Non,Oui,Non,Non,Oui,Non,Envoyé au CoPil,Completé,Non,Non,Non,Non,Non,Non,Non,Oui,Non,Non,Non,Non,Non,Non,Non,Non,Non,Oui,Non,Non,Non,Oui,Non,Envoyé au CoPil,,Gambo,,Mbomou,,,,Gambo,22.533842,4.666018
1020325177,07.04.2016,09.03.2016,11.03.2016,ACF,Safou,2016,ACF_Bab_20160111,6,,507,1722,160,888,,,,,,,347,834,256,492,321,,,,507,160,,,,347,3042,960,,,,2082,1014,320,,,,694,1014,320,,,,694,507,160,,,,347,1014,320,,,,694,160,160,,,,,,,,,,,507,160,,,,347,160,160,,,,,,,,,,,,,,,,,,146,71,,,,75,13,47,23,,,,,,1,1,8,8,,,,,NFI-WASH,Completé,Non,Non,Non,Non,Non,Non,Non,Oui,Non,Non,Non,Non,Non,Non,Non,Non,Non,Non,Oui,Non,Non,Non,Non,Envoyé au CoPil,Completé,Non,Non,Non,Non,Non,Non,Non,Oui,Non,Non,Non,Non,Non,Non,Non,Non,Non,Non,Oui,Non,Non,Non,Non,Envoyé au CoPil,,Bouar,,Nana-Mambere,,,,Niem-Yelewa,14.999187,6.553593
114259457,17.05.2016,10.03.2016,27.04.2016,ACTED,Niakari,2016,ACT_NIA_20160208,4,,258,1290,258,1290,,,,,,,,,,,,,,,258,258,,,,,1806,1806,,,,,516,516,,,,,516,516,,,,,258,258,,,,,516,516,,,,,258,258,,,,,,,,,,,258,258,,,,,,,,,,,,,,,,,,,,,,,,3498,100,,,,3398,,,,,,,,,5,4,1,1,,,,,NFI-WASH,Completé,Non,Non,Non,Non,Non,Oui,Non,Non,Non,Non,Non,Non,Non,Non,Non,Non,Non,Oui,Non,Non,Non,Oui,Non,Envoyé au CoPil,Completé,Non,Non,Non,Non,Non,Oui,Non,Non,Non,Non,Non,Non,Non,Non,Oui,Non,Non,Non,Non,Non,Non,Oui,Non,Envoyé au CoPil,,Bangassou,,Mbomou,,,,Sayo Niakari,22.753196,4.838819
134131398,31.03.2016,22.03.2016,30.03.2016,SI,Mbres,2016,SI_MBR_20160129,22,,2352,12110,,,,,2352,12110,,,,,,,,,,,2352,,,2352,,,14112,,,14112,,,4704,,,4704,,,4704,,,4704,,,4704,,,4704,,,4704,,,4704,,,,,,,,,,,,,,,2352,,,2352,,,,,,,,,,,,,,,,,,,,,,,,,,,,,,,,,,,,,,,,,,,,NFI,Completé,Non,Non,Non,Non,Non,Non,Oui,Non,Non,Non,Non,Non,Non,Non,Non,Non,Oui,Non,Non,Non,Non,Non,Non,Envoyé au CoPil,NA,Oui,Non,Non,Non,Non,Non,Non,Non,Oui,Non,Non,Non,Non,Non,Non,Non,Non,Non,Non,Non,Non,Oui,Non,,,Mbres,,Nana-Gribizi,,,,Mbres,19.799937,6.667027
431772652,06.05.2016,23.03.2016,01.04.2016,ACF,Bodjomo,2016,ACF_Bod_20160217,4,,671,3488,,,,,671,3488,,,,,649,663,554,2083,,,671,,,671,,,4026,,,4026,,,1342,,,1342,,,1342,,,1342,,,671,,,671,,,1342,,,1342,,,,,,,,,,,,,,,671,,,671,,,671,,,671,,,,,,,,,,,,,,,,,,,,,,,,,,,,,,,,,,,,,,NFI,Completé,Non,Non,Non,Non,Non,Non,Non,Oui,Non,Non,Non,Non,Non,Non,Non,Non,Non,Non,Oui,Non,Non,Oui,Non,Envoyé au CoPil,NA,Oui,Non,Non,Non,Non,Non,Non,Non,Oui,Non,Non,Non,Non,Non,Non,Non,Non,Non,Non,Non,Non,Oui,Non,,,Markounda,,Ouham,,,,Nana Markounda,17.136638,7.418152
1710526965,19.04.2016,13.04.2016,18.04.2016,SI,Mbres,2016,SI_MB2_20160129,5,,1307,,,,,,1307,,,,,,,,,,,,1307,,,1307,,,7842,,,7842,,,2614,,,2614,,,2614,,,2614,,,2614,,,2614,,,,,,,,,,,,,,,,,,,,,1307,,,1307,,,,,,,,,,,,,,,,,,,,,,,,,,,,,,,,,,,,,,,,,,,,NFI,Completé,Non,Non,Non,Non,Non,Non,Non,Oui,Non,Non,Oui,Non,Non,Non,Non,Oui,Non,Non,Non,Non,Non,Oui,Non,En cours,NA,Oui,Non,Non,Non,Non,Non,Non,Non,Oui,Non,Non,Non,Non,Non,Non,Non,Non,Non,Non,Non,Non,Oui,Non,,,Mbres,,Nana-Gribizi,,,,Mbres,19.799937,6.667027
1841345002,27.05.2016,28.04.2016,27.05.2016,PU-AMI,Bombo,2016,PU_BOM_20160411,5,,397,1888,1,3,8,35,378,1803,10,47,0,0,946,942,501,523,772,92,397,1,8,378,10,0,2382,6,48,2268,60,0,794,2,16,756,20,0,794,2,16,756,20,0,794,2,16,756,20,0,794,2,16,756,20,0,397,1,8,378,10,0,0,0,0,0,0,0,397,1,8,378,10,0,397,1,8,378,10,0,0,0,0,0,0,0,0,0,0,0,0,0,,1000,,,,,,,,,,,,0,0,2,1,1,1,0,,,,NFI-WASH,Completé,Non,Non,Non,Non,Non,Non,Non,Oui,Non,Non,Oui,Non,Non,Non,Non,Non,Non,Non,Non,Non,Non,Oui,Non,Envoyé au CoPil,Completé,Non,Non,Non,Non,Oui,Non,Non,Non,Non,Non,Oui,Non,Non,Non,Non,Non,Non,Non,Non,Non,Non,Oui,Non,Envoyé au CoPil,,Amada-Gaza,,Mambere-Kadei,,,,Haute-Boumbe,14.864348,4.780296