SiteId,DateCreated,startDate,endDate,Partner,OCHA_village_v2,Axe,AlerteID,Nb_localites_affectes,Pop_affectee_menages,Pop_affectee_individus,Nature_choc_Catastrophe,Nature_choc_Violences,Nature_choc_Autre,Pop_affectee.Deplaces,Pop_affectee.Retours,Pop_affectee.Communaute_hote,Pop_affectee.Autre,Acces_humanitaire_Oui,Acces_humanitaire_Non_logistique,Acces_humanitaire_Non_securite,Acces_humanitaire_Non_autre,Continue_Investigation.Oui,Continue_Investigation.Non,Alerte_en_cours.Oui,Alerte_en_cours.Non,Code_Prefecture,Prefecture,Code_SousPréfecture,SousPrefecture,Code_Commune,Commune,Code_Arrondissement,Arrondissement,Longitude,Latitude,year,month
2125417957,14.04.2015,21.10.2014,21.10.2014,ACTED,Lebada,,ACTED_LEB_20141021,12,1549,7745,Non,Oui,Non,Oui,Non,Non,Non,Oui,Non,Non,Non,Non,Oui,Non,Oui,,Ouaka,,Bambari,,Pladama-Ouaka,,,20.544786,5.854284,2014,Octobre
951466354,26.02.2015,18.11.2014,17.02.2015,ACF,Bogbatoyo,,ACF_BOG_20141118,1,0,500,Non,Oui,Non,Oui,Non,Non,Non,Oui,Non,Non,Non,Non,Oui,Non,Oui,,Nana-Mambere,,Bouar,,Herman-Brousse,,,15.605226,6.299334,2014,Novembre
2028524849,02.04.2015,16.12.2014,08.03.2015,ACF,Bondiba,,ACF_BON_20141216,1,,,Non,Oui,Non,Oui,Non,Non,Non,Oui,Non,Non,Non,Non,Oui,Non,Oui,,Nana-Mambere,,Baboua,,Baboua,,,14.794725,5.535135,2014,Décembre
1190891277,06.04.2015,16.12.2014,28.02.2015,SI,Kaga-Bandoro,,SI_MBR_20141216,1,525,3150,Non,Oui,Non,Oui,Non,Non,Non,Oui,Non,Non,Non,Non,Oui,Non,Oui,,Nana-Gribizi,,Kaga-Bandoro,,Kaga-Bandoro,,,19.185733,6.992369,2014,Décembre
1430697248,15.06.2015,03.01.2015,03.01.2015,ACTED,Manoeuvre,,ACTED_MAN_20150103,1,,,Non,Oui,Non,Oui,Non,Non,Non,Non,Oui,Non,Non,Oui,Non,Oui,Non,,Basse-Kotto,,Zangba,,Yabongo,,,20.752234,4.433675,2015,Janvier
10343474,03.03.2015,12.01.2015,12.01.2015,ACTED,Ouazzoua,,ACTED_OUA_20150112,,,226,Oui,Non,Non,Non,Non,Oui,Non,Oui,Non,Non,Non,Oui,Non,Oui,Non,,Mbomou,,Ouango,,,,,22.418461,4.270408,2015,Janvier
451275810,21.03.2015,12.01.2015,12.01.2015,ACTED,Dimbi,,ACTED_DIM_20150112,,,18000,Non,Oui,Non,Oui,Non,Non,Non,Oui,Non,Non,Non,Oui,Non,Oui,Non,,Basse-Kotto,,Kembe,,Kembe,,,21.720280,4.624735,2015,Janvier
847776525,26.02.2015,12.01.2015,12.01.2015,ACTED,Kouango,,ACTED_KOU_20150112,1,0,0,Non,Oui,Non,Non,Non,Non,Oui,Non,Oui,Non,Non,Non,Oui,Oui,Non,,Ouaka,,Kouango,,Kouango,,,19.973607,4.992821,2015,Janvier
996289601,26.02.2015,13.01.2015,09.03.2015,SI,Kabo,,SI_KAB_20150113,1,352,1765,Non,Non,Oui,Non,Oui,Non,Non,Oui,Non,Non,Non,Non,Oui,Non,Oui,,Ouham,,Kabo,,Sido,,,18.629944,7.697565,2015,Janvier
2146681476,20.03.2015,17.01.2015,17.01.2015,DRC,Mbada,,DRC_MBA_20150302,1,273,1248,Non,Oui,Non,Oui,Non,Non,Non,Oui,Non,Non,Non,Non,Oui,Non,Oui,,Ouham,,Bouca,,Lady Gbawi,,,18.562368,6.865547,2015,Janvier
747969637,24.03.2015,23.01.2015,23.01.2015,ACF,Boyongo-Kette,,ACF_BOY_20150123,1,26,130,Non,Oui,Non,Oui,Non,Non,Non,Oui,Non,Non,Non,Oui,Non,Oui,Non,,Ouham,,Bossangoa,,Ndoro Mboli,,,17.362290,6.526361,2015,Janvier
39157073,01.04.2015,24.01.2015,24.01.2015,ACF,Kouki,,ACF_KOU_20150124,1,1400,7000,Non,Oui,Non,Non,Oui,Oui,Non,Oui,Non,Non,Non,Non,Oui,Non,Oui,,Ouham,,Nana-Bakassa,,Nana-Bakassa,,,17.309082,7.166343,2015,Janvier
1256455824,24.03.2015,28.01.2015,28.01.2015,ACF,Bombere-Kota,,ACF_BOM_20150128,1,76,399,Non,Oui,Non,Oui,Non,Non,Non,Oui,Non,Non,Non,Non,Oui,Non,Oui,,Ouham,,Bossangoa,,Ben Zambe,,,17.548962,6.914322,2015,Janvier
1650863336,03.03.2015,04.02.2015,04.02.2015,ACF,Sabewa,,ACF_SAB_20150204,1,100,500,Non,Oui,Non,Oui,Non,Non,Non,Oui,Non,Non,Non,Non,Oui,Non,Oui,,Nana-Mambere,,Bouar,,Niem-Yelewa,,,14.982606,6.668017,2015,Février
914915208,26.02.2015,06.02.2015,06.02.2015,ACTED,Lihoto,,ACTED_LIH_20150206,,1600,1800,Non,Oui,Non,Oui,Non,Non,Non,Oui,Non,Non,Non,Oui,Non,Oui,Non,,Ouaka,,Kouango,,Azengue-Mindou,,,20.158370,5.312277,2015,Février
883365798,26.02.2015,08.02.2015,08.02.2015,ACTED,Ngakobo,,ACTED_NGA_20150208,,0,1000,Non,Oui,Non,Oui,Non,Non,Non,Non,Non,Oui,Non,Oui,Non,Oui,Non,,Ouaka,,Bambari,,Ngougbia,,,20.730846,5.339652,2015,Février
1448219181,06.04.2015,09.02.2015,09.02.2015,DRC,Bokaioua,,DRC_BOK_20150209,8,1128,9024,Non,Oui,Non,Non,Oui,Oui,Non,Oui,Non,Non,Non,Non,Oui,Non,Oui,,Ouham,,Kabo,,Ouaki,,,18.538442,7.279787,2015,Février
770634371,26.02.2015,11.02.2015,13.04.2015,PU-AMI,Nassole,,PU_NAS_20150211,8,,,Non,Oui,Non,Oui,Non,Non,Non,Oui,Non,Non,Non,Oui,Non,Oui,Non,,Mambere-Kadei,,Berberati,,Ouakanga,,,15.375248,4.258509,2015,Février
2041379947,24.03.2015,12.02.2015,05.03.2015,DRC,Bebingui,,DRC_BEB_20150212,1,207,900,Non,Oui,Non,Oui,Non,Non,Non,Oui,Non,Non,Non,Non,Oui,Non,Oui,,Ouham Pende,,Paoua,,Mia-Pende,,,16.526000,7.814075,2015,Février
5582296,26.03.2015,13.02.2015,13.02.2015,PU-AMI,Ore,,PU_ORE_20150213,1,50,250,Non,Oui,Non,Non,Oui,Non,Non,Oui,Non,Non,Non,Non,Oui,Oui,Non,,Mambere-Kadei,,Gamboula,,Basse-Boumne,,,15.082169,4.364897,2015,Février
669751996,03.03.2015,13.02.2015,13.02.2015,PU-AMI,Dilapoko,,PU_DIL_20150213,1,35,200,Non,Oui,Non,Oui,Non,Non,Non,Oui,Non,Non,Non,Oui,Non,Oui,Non,,Mambere-Kadei,,Gamboula,,Basse-Boumne,,,15.091660,4.363720,2015,Février
1417911225,26.03.2015,13.02.2015,13.02.2015,PU-AMI,Amada Gaza,,PU_AMA_20150213,1,,,Non,Oui,Non,Oui,Non,Non,Non,Oui,Non,Non,Non,Oui,Non,Oui,Non,,Mambere-Kadei,,Amada-Gaza,,,,,15.209111,4.768658,2015,Février
1318087270,03.03.2015,17.02.2015,17.02.2015,ACTED,Mobaye - gp Mangbango,,ACTED_MOB_20150217,,558,4469,Non,Oui,Non,Oui,Non,Non,Oui,Oui,Non,Non,Non,Oui,Non,Oui,Non,,Basse-Kotto,,Mobaye,,Mobaye,,,21.176833,4.319708,2015,Février
820870656,24.03.2015,18.02.2015,18.02.2015,ACF,Gbabiro,,ACF_GBA_20150218,1,,,Non,Oui,Non,Oui,Non,Non,Non,Oui,Non,Non,Non,Oui,Non,Oui,Non,,Ouham,,Bossangoa,,Ben Zambe,,,17.697580,6.849218,2015,Février
1749632908,03.03.2015,20.02.2015,20.02.2015,ACF,Bofire,,ACF_GBB_20150220,3,243,1215,Non,Oui,Non,Oui,Non,Non,Non,Oui,Non,Non,Non,Non,Oui,Non,Oui,,Ouham,,Bossangoa,,Ben Zambe,,,17.766026,6.718610,2015,Février
881249679,26.02.2015,21.02.2015,21.02.2015,ACF,Besson,,ACF_BES_20150221,3,85,381,Non,Oui,Non,Oui,Non,Oui,Non,Non,Non,Oui,Non,Non,Oui,Non,Oui,,Nana-Mambere,,Baboua,,Goudrot,,,14.816071,6.258945,2015,Février
1965494608,03.03.2015,21.02.2015,21.02.2015,ACF,Yongoro Mbolaye,,ACF_YON_20150221,1,1135,5675,Non,Oui,Non,Oui,Oui,Non,Non,Oui,Non,Non,Non,Non,Oui,Non,Oui,,Nana-Mambere,,Bouar,,Herman-Brousse,,,15.586952,6.235382,2015,Février
1500159090,03.03.2015,23.02.2015,23.02.2015,ACF,Gbakara,,ACF_GBA_20150223,1,13,65,Oui,Non,Non,Non,Non,Oui,Non,Oui,Non,Non,Non,Non,Oui,Non,Oui,,Ouham,,Bossangoa,,Soumbe,,,17.641028,6.436505,2015,Février
97397017,27.03.2015,25.02.2015,25.02.2015,ACF,Sanguere,,DRC_SAN_20150225,,,,Non,Oui,Non,Oui,Non,Non,Non,Non,Oui,Oui,Non,Non,Oui,Oui,Non,,Ouham Pende,,Koui,,Koui,,,15.092977,6.755639,2015,Février
842390040,26.02.2015,25.02.2015,25.02.2015,DRC,Bobani 2,,DRC_BOB_20150225,,0,0,Non,Oui,Non,Oui,Non,Non,Non,Non,Non,Non,Oui,Non,Oui,Non,Oui,,Ouham Pende,,Paoua,,Mom,,,16.592829,6.771083,2015,Février
1008409191,26.02.2015,25.02.2015,25.02.2015,DRC,Bocaranga,,DRC_BOC_20150225,1,0,0,Non,Oui,Non,Oui,Non,Non,Non,Non,Non,Oui,Non,Non,Oui,Non,Oui,,Ouham Pende,,Koui,,Koui,,,15.359947,6.580138,2015,Février
2134449430,02.04.2015,25.02.2015,25.02.2015,DRC,Bokambaye 1,,DRC_BOK_20150225,8,1128,9024,Non,Oui,Non,Non,Oui,Non,Non,Oui,Non,Non,Non,Non,Oui,Non,Oui,,Ouham,,Kabo,,Ouaki,,,18.481154,7.305997,2015,Février
1647061525,14.04.2015,27.02.2015,27.02.2015,ACTED,Derbissaka,,ACTED_DER_20150227,1,350,1750,Non,Oui,Non,Non,Oui,Non,Non,Non,Oui,Non,Non,Oui,Non,Oui,Non,,Mbomou,,Rafai,,Rafai,,,24.847812,5.774286,2015,Février
1327025326,24.03.2015,28.02.2015,18.03.2015,SI,Grivaï,,SI_DER_20150228,,,1846,Non,Oui,Non,Oui,Non,Non,Non,Oui,Non,Non,Non,Non,Oui,Non,Oui,,Nana-Gribizi,,Kaga-Bandoro,,Grivai-Pamia,,,19.437234,7.064233,2015,Février
1403033872,12.05.2015,01.03.2015,01.05.2015,ACF,Koui,,ACF_KOU_20150501,1,200,1000,Non,Oui,Non,Non,Oui,Non,Non,Oui,Non,Non,Non,Non,Oui,Non,Oui,,Ouham Pende,,Koui,,Koui,,,15.453221,6.951955,2015,Mars
627161354,23.03.2015,02.03.2015,10.04.2015,DRC,Batangafo,,DRC_BAT_20150302,7,986,7081,Non,Oui,Non,Oui,Non,Non,Non,Oui,Non,Non,Non,Oui,Non,Oui,Non,,Ouham,,Batangafo,,Batangafo,,,18.285135,7.300987,2015,Mars
2019055572,04.05.2015,02.03.2015,02.03.2015,DRC,Mbada,,DRC_MBA_20150110,1,,,Non,Oui,Non,Oui,Non,Oui,Non,Oui,Non,Non,Non,Non,Oui,Non,Oui,,Ouham,,Bouca,,Lady Gbawi,,,18.562368,6.865547,2015,Mars
1339015537,26.03.2015,03.03.2015,03.03.2015,PU-AMI,Nao,,PU_NAO_20150303,1,20,,Non,Oui,Non,Oui,Non,Non,Non,Oui,Non,Non,Non,Oui,Non,Oui,Non,,Mambere-Kadei,,Berberati,,Ouakanga,,,15.318057,4.526812,2015,Mars
367573177,19.03.2015,05.03.2015,05.03.2015,ACF,Kaboro,,ACF_KAB_20150305,1,120,559,Non,Oui,Non,Oui,Non,Oui,Non,Oui,Non,Non,Non,Non,Oui,Non,Oui,,Ouham,,Nana-Bakassa,,Nana-Bakassa,,,17.529444,6.970833,2015,Mars
892270109,20.03.2015,05.03.2015,05.03.2015,ACTED,Agoumar,,ACTED_AGO_20150305,,610,3050,Non,Oui,Non,Oui,Non,Non,Non,Non,Non,Oui,Non,Oui,Non,Oui,Non,,Mbomou,,Rafai,,Rafai,,,23.917023,4.993979,2015,Mars
1085341919,20.03.2015,05.03.2015,05.03.2015,ACTED,Ngoulinga,,ACTED_NGO_20150305,,,95,Non,Oui,Non,Oui,Non,Non,Non,Oui,Non,Non,Non,Oui,Non,Oui,Non,,Ouaka,,Grimari,,Grimari,,,20.069115,5.709005,2015,Mars
306076340,20.03.2015,08.03.2015,12.03.2015,ACTED,Andjikapa,,ACTED_AND_20150308,1,41,204,Non,Oui,Non,Oui,Non,Non,Non,Oui,Non,Non,Non,Non,Oui,Non,Oui,,Basse-Kotto,,Zangba,,,,,20.750833,4.744444,2015,Mars
1995219427,25.03.2015,12.03.2015,18.03.2015,PU-AMI,Dédé Makbouba,,PU_DED_20150312,1,35,,Non,Oui,Non,Oui,Oui,Non,Non,Oui,Non,Non,Non,Oui,Non,Oui,Non,,Mambere-Kadei,,Dede-Mokouba,,,,,15.242819,3.916667,2015,Mars
441603790,26.03.2015,12.03.2015,12.03.2015,ACTED,Goussoubanda,,ACTED_GOU_20150312,,85,410,Non,Oui,Non,Oui,Oui,Non,Non,Oui,Non,Non,Non,Oui,Non,Oui,Non,,Ouaka,,Bambari,,Pladama-Ouaka,,,20.559548,5.895595,2015,Mars
1140931710,26.03.2015,12.03.2015,12.03.2015,ACTED,Togo,,ACTED_TOG_20150312,,203,1016,Non,Oui,Non,Oui,Non,Non,Non,Oui,Non,Non,Non,Oui,Non,Oui,Non,,Ouaka,,Bambari,,Pladama-Ouaka,,,20.572740,5.880615,2015,Mars
770517945,20.04.2015,13.03.2015,13.03.2015,PU-AMI,Boy bale,,PU_MBA_20150313,6,,,Non,Non,Oui,Non,Oui,Non,Non,Non,Oui,Non,Non,Oui,Non,Oui,Non,,Mambere-Kadei,,Gadzi,,Mbali,,,16.757124,5.225732,2015,Mars
312457049,04.04.2015,17.03.2015,17.03.2015,ACTED,Dembia,,ACTED_DEM_20150317,7,800,4000,Non,Non,Oui,Non,Oui,Non,Non,Oui,Non,Non,Non,Oui,Non,Oui,Non,,Mbomou,,Rafai,,Rafai,,,24.463914,5.102711,2015,Mars
1734879610,25.03.2015,18.03.2015,18.03.2015,PU-AMI,Mbandjifolo,,PU_MBA_20150318,2,35,,Non,Oui,Non,Non,Oui,Non,Non,Oui,Non,Non,Non,Oui,Non,Oui,Non,,Mambere-Kadei,,Dede-Mokouba,,,,,15.255556,4.075833,2015,Mars
1404871050,31.03.2015,19.03.2015,19.03.2015,ACTED,Goussiéma,,ACTED_GOU_20150319,,520,2600,Non,Oui,Non,Oui,Non,Oui,Non,Oui,Non,Non,Non,Oui,Non,Oui,Non,,Ouaka,,Kouango,,Kouango,,,20.126750,5.395833,2015,Mars
1507015003,30.03.2015,20.03.2015,24.04.2015,SI,Ndenga,,SI_NDE_20150320,8,1351,,Non,Oui,Non,Oui,Non,Non,Non,Non,Non,Oui,Non,Oui,Non,Oui,Non,,Nana-Gribizi,,Kaga-Bandoro,,Ndenga,,,19.260450,6.759629,2015,Mars
86995938,20.04.2015,20.03.2015,20.03.2015,PU-AMI,Bamingui,,PU_BAM_20150320,4,,709,Non,Oui,Non,Oui,Oui,Non,Non,Oui,Non,Non,Non,Oui,Non,Oui,Non,,Bamingui-Bangoran,,Bamingui,,Vassako,,,20.179799,7.530107,2015,Mars
250179817,20.04.2015,20.03.2015,20.03.2015,PU-AMI,Tiri,,PU_TIR_20150320,1,85,400,Non,Oui,Non,Oui,Oui,Non,Non,Oui,Non,Non,Non,Non,Oui,Non,Oui,,Bamingui-Bangoran,,Ndele,,Dar El Kouti,,,20.399447,8.599117,2015,Mars
714511003,20.04.2015,20.03.2015,20.03.2015,PU-AMI,Golongosso,,PU_GOL_20150320,1,,400,Non,Oui,Non,Non,Oui,Non,Non,Oui,Non,Non,Non,Non,Oui,Non,Oui,,Bamingui-Bangoran,,Ndele,,Dar El Kouti,,,19.185650,8.924383,2015,Mars
2054929376,20.04.2015,20.03.2015,20.03.2015,PU-AMI,Miamani,,PU_MIA_20150320,1,,100,Non,Oui,Non,Non,Oui,Non,Non,Oui,Non,Non,Non,Non,Oui,Non,Oui,,Bamingui-Bangoran,,Ndele,,Dar El Kouti,,,20.000353,8.754661,2015,Mars
318370307,03.04.2015,25.03.2015,25.03.2015,ACF,Kouki,,ACF_KOU_20150325,1,1400,7000,Non,Oui,Non,Non,Oui,Non,Non,Oui,Non,Non,Non,Oui,Non,Oui,Non,,Ouham,,Nana-Bakassa,,Nana-Bakassa,,,17.309082,7.166343,2015,Mars
1774055126,08.04.2015,27.03.2015,27.03.2015,ACTED,Béma,,ACTED_BEM_20150327,1,,,Non,Oui,Non,Oui,Non,Non,Non,Oui,Non,Non,Non,Non,Oui,Non,Oui,,Mbomou,,Ouango,,Ouango,,,22.442181,4.142042,2015,Mars
1988762990,02.04.2015,27.03.2015,27.03.2015,ACF,Bokoute 1,,ACF_BOK_20150327,1,6,30,Non,Oui,Non,Oui,Non,Non,Non,Oui,Non,Non,Non,Non,Oui,Non,Oui,,Kemo,,Sibut,,Ngoumbele,,,19.486982,5.788886,2015,Mars
258280725,06.04.2015,28.03.2015,08.04.2015,SI,Maraomba,,SI_MAR_20150328,2,,,Non,Oui,Non,Oui,Non,Non,Non,Non,Non,Oui,Non,Non,Oui,Non,Oui,,Nana-Gribizi,,Mbres,,Mbres,,,19.723714,6.671497,2015,Mars
734560295,03.04.2015,31.03.2015,31.03.2015,PU-AMI,Noufou,,PU_NOU_20150331,2,,,Non,Oui,Non,Oui,Non,Non,Non,Non,Non,Oui,Non,Oui,Non,Oui,Non,,Mambere-Kadei,,Gamboula,,,,,14.810714,4.592044,2015,Mars
429035724,14.04.2015,04.04.2015,04.04.2015,ACF,Zere,,ACF_ZER_20150404,2,60,,Non,Oui,Non,Oui,Non,Non,Non,Oui,Non,Non,Non,Non,Oui,Non,Oui,,Ouham,,Bossangoa,,Soumbe,,,17.675610,6.442893,2015,Avril
1997509242,14.04.2015,07.04.2015,14.04.2015,DRC,Touga,,DRC_TOU_20150407,1,,,Non,Oui,Non,Non,Non,Non,Oui,Oui,Non,Non,Non,Non,Oui,Non,Oui,,Ouham Pende,,Ngaoundaye,,Lim,,,15.645415,7.443710,2015,Avril
376119755,09.04.2015,08.04.2015,14.04.2015,SI,Kaga-Bandoro,,SI_DOU_20150408,7,1359,5935,Non,Oui,Non,Oui,Non,Non,Non,Oui,Non,Non,Non,Oui,Non,Non,Oui,,Nana-Gribizi,,Kaga-Bandoro,,Kaga-Bandoro,,,19.185733,6.992369,2015,Avril
1533023170,14.04.2015,14.04.2015,14.04.2015,DRC,Badama,,DRC_BAD_20150414,1,276,848,Non,Oui,Non,Oui,Non,Oui,Non,Oui,Non,Non,Non,Oui,Non,Oui,Non,,Ouham,,Markounda,,Nana Markounda,,,16.992660,7.574630,2015,Avril
478462329,28.04.2015,15.04.2015,15.04.2015,ACF,Bouanga,,ACF_BOU_20150415,1,50,250,Non,Oui,Non,Oui,Non,Non,Non,Oui,Non,Non,Non,Non,Oui,Non,Oui,,Kemo,,Dekoa,,,,,15.588614,6.236853,2015,Avril
1867920862,28.04.2015,15.04.2015,15.04.2015,ACF,Dékoa,,ACF_DEK_20150415,1,416,2080,Non,Oui,Non,Non,Oui,Non,Non,Oui,Non,Non,Non,Non,Oui,Non,Oui,,Kemo,,Dekoa,,Dekoa,,,19.118972,6.518772,2015,Avril
92204259,28.04.2015,17.04.2015,17.04.2015,ACF,Bowara,,ACF_BOW_20150417,1,1000,5000,Non,Oui,Non,Non,Oui,Non,Non,Oui,Non,Non,Non,Oui,Non,Oui,Non,,Ouham,,Nana-Bakassa,,Nana-Bakassa,,,17.384206,7.169761,2015,Avril
664018247,12.05.2015,18.04.2015,19.04.2015,ACF,Besson,,ACF_BES_20150419,1,,,Non,Oui,Non,Non,Non,Oui,Non,Non,Non,Oui,Non,Oui,Non,Oui,Non,,Nana-Mambere,,Baboua,,Goudrot,,,14.816071,6.258945,2015,Avril
98674923,07.05.2015,18.04.2015,18.04.2015,ACTED,Krakoundji,,ACTED_KRA_20150418,1,,,Non,Oui,Non,Oui,Non,Non,Non,Oui,Non,Non,Non,Oui,Non,Oui,Non,,Ouaka,,Bambari,,,,,20.319167,5.420694,2015,Avril
1581947254,03.06.2015,20.04.2015,21.04.2015,ACTED,Zabé,,ACTED_ZAB_20150422,5,300,1500,Non,Oui,Non,Oui,Non,Non,Non,Non,Non,Oui,Non,Oui,Non,Oui,Non,,Mbomou,,Bakouma,,Bakouma,,,22.235056,5.908856,2015,Avril
1088044255,20.04.2015,20.04.2015,20.04.2015,PU-AMI,Dilapoko,,PU_GOD_20150420,2,,,Non,Oui,Non,Oui,Non,Oui,Non,Non,Non,Oui,Non,Oui,Non,Oui,Non,,Mambere-Kadei,,Gamboula,,Basse-Boumne,,,15.091660,4.363720,2015,Avril
263588568,24.04.2015,22.04.2015,28.04.2015,SI,Bamatara,,SI_BAM_20150422,3,,,Non,Oui,Non,Oui,Non,Non,Non,Non,Non,Oui,Non,Oui,Non,Non,Oui,,Nana-Gribizi,,Kaga-Bandoro,,Botto,,,19.050797,7.004697,2015,Avril
1064269516,28.04.2015,22.04.2015,23.04.2015,PU-AMI,Gadzi,,PU_GAD_20150422,3,80,400,Non,Oui,Non,Non,Oui,Oui,Non,Oui,Non,Non,Non,Oui,Non,Non,Oui,,Mambere-Kadei,,Gadzi,,Topia,,,16.704898,4.779685,2015,Avril
3470720,05.05.2015,22.04.2015,22.04.2015,DRC,Bedoua 1,,DRC_BED_20150422,3,72,,Non,Oui,Non,Oui,Non,Oui,Non,Oui,Non,Non,Non,Non,Oui,Non,Oui,,Ouham Pende,,Paoua,,Mia-Pende,,,16.458098,7.602153,2015,Avril
660389585,23.04.2015,22.04.2015,22.04.2015,DRC,Nzapoye,,DRC_NZA_20150422,1,369,1810,Non,Oui,Non,Non,Oui,Oui,Non,Oui,Non,Non,Non,Non,Oui,Non,Oui,,Ouham Pende,,Ngaoundaye,,Lim,,,15.651473,7.438171,2015,Avril
815704799,05.05.2015,22.04.2015,22.04.2015,DRC,Ndoubou,,DRC_NDO_20150422,1,234,1170,Non,Oui,Non,Oui,Oui,Oui,Non,Oui,Non,Non,Non,Non,Oui,Oui,Non,,Ouham,,Batangafo,,Batangafo,,,18.320867,7.314133,2015,Avril
1839027101,05.05.2015,22.04.2015,22.04.2015,DRC,Gbama,,DRC_GBA_20150422,1,,1555,Non,Oui,Non,Non,Oui,Non,Non,Oui,Non,Non,Non,Oui,Non,Oui,Non,,Ouham Pende,,Ngaoundaye,,Kodi,,,15.528408,7.300603,2015,Avril
2119384399,04.05.2015,22.04.2015,22.04.2015,DRC,Doko,,DRC_DOK_20150422,2,,,Non,Non,Oui,Non,Oui,Oui,Non,Oui,Non,Non,Non,Non,Oui,Non,Oui,,Ouham Pende,,Ngaoundaye,,Kodi,,,15.527531,7.161031,2015,Avril
1818513711,22.04.2015,23.04.2015,24.04.2015,ACTED,Gbolo,,ACTED_GBO_20150424,1,,600,Non,Oui,Non,Oui,Non,Non,Non,Oui,Non,Non,Non,Oui,Non,Oui,Non,,Mbomou,,Bakouma,,Bakouma,,,22.748606,5.698269,2015,Avril
2052755525,04.05.2015,23.04.2015,23.04.2015,DRC,Ngoutéré,,DRC_NGO_20150423,1,,,Non,Oui,Non,Oui,Oui,Oui,Non,Oui,Non,Non,Non,Non,Oui,Non,Oui,,Ouham Pende,,Bocaranga,,Pende,,,15.898247,6.771819,2015,Avril
900454732,04.05.2015,25.04.2015,01.05.2015,PU-AMI,Ndinguiri,,PU_NDI_20150425,5,25,125,Non,Oui,Non,Non,Oui,Non,Non,Oui,Non,Non,Non,Non,Oui,Non,Oui,,Mambere-Kadei,,Gadzi,,Topia,,,16.336991,4.886027,2015,Avril
1749580743,21.05.2015,25.04.2015,25.04.2015,ACTED,Guenekoumba,,ACTED_GUE_20150425,1,,,Non,Oui,Non,Oui,Non,Non,Non,Oui,Non,Non,Non,Oui,Non,Non,Oui,,Mbomou,,Rafai,,Rafai,,,24.585240,5.092950,2015,Avril
1234421007,07.05.2015,29.04.2015,29.04.2015,ACTED,Tabara,,ACTED_TAB_20150429,3,,,Non,Oui,Non,Oui,Non,Non,Non,Oui,Non,Non,Non,Oui,Non,Oui,Non,,Ouaka,,Bambari,,Bambari,,,20.544011,5.939525,2015,Avril
879689825,20.05.2015,01.05.2015,14.05.2015,PU-AMI,Ngarba,,PU_NGA_20150501,3,436,2180,Non,Oui,Non,Non,Oui,Non,Non,Oui,Non,Non,Non,Oui,Non,Oui,Non,,Bamingui-Bangoran,,Ndele,,Dar El Kouti,,,20.496477,9.203859,2015,Mai
1587208469,12.05.2015,01.05.2015,01.05.2015,PU-AMI,Berberati,,PU_EVE_20150501,1,11,11,Non,Non,Oui,Oui,Non,Non,Non,Oui,Non,Non,Non,Non,Oui,Non,Oui,,Mambere-Kadei,,Berberati,,Basse-Batouri,,,15.787529,4.255473,2015,Mai
1668932028,12.05.2015,02.05.2015,02.05.2015,ACF,Petit-Kounde,,ACF_KOU_20150502,1,60,300,Non,Oui,Non,Non,Non,Oui,Non,Non,Non,Oui,Non,Oui,Non,Oui,Non,,Nana-Mambere,,Baboua,,Kounde,,,14.546685,5.913248,2015,Mai
763353279,07.05.2015,05.05.2015,08.05.2015,ACTED,Kpadou,,ACTED_KPA_20150505,,,65,Non,Non,Oui,Non,Non,Non,Oui,Oui,Non,Non,Non,Oui,Non,Non,Oui,,Basse-Kotto,,Kembe,,Mboui,,,21.375632,4.531658,2015,Mai
659825272,21.05.2015,06.05.2015,06.05.2015,DRC,Badama,,DRC_BAD_20150506,1,,,Non,Oui,Non,Oui,Non,Non,Non,Oui,Non,Oui,Non,Non,Oui,Non,Oui,,Ouham,,Markounda,,Nana Markounda,,,16.992660,7.574630,2015,Mai
941338874,21.05.2015,06.05.2015,06.05.2015,DRC,Bodjomo,,DRC_BOD_20150506,1,,,Non,Oui,Non,Oui,Non,Non,Non,Oui,Non,Oui,Non,Oui,Non,Oui,Non,,Ouham,,Markounda,,Nana Markounda,,,17.136638,7.418152,2015,Mai
1374506283,12.05.2015,06.05.2015,06.05.2015,DRC,Gbandou,,DRC_GBA_20150506,1,,,Non,Oui,Non,Oui,Oui,Non,Non,Oui,Non,Non,Non,Oui,Non,Oui,Non,,Ouham,,Bouca,,Fafa Boungou,,,18.348850,6.000000,2015,Mai
1603708646,12.05.2015,06.05.2015,06.05.2015,DRC,Badama,,DRC_BAD_20150506,1,848,276,Non,Oui,Non,Oui,Non,Non,Non,Oui,Non,Oui,Non,Oui,Non,Oui,Non,,Ouham,,Markounda,,Nana Markounda,,,16.992660,7.574630,2015,Mai
1469796291,12.05.2015,07.05.2015,12.05.2015,PU-AMI,Korando,,PU_KOR_20150507,1,,,Non,Oui,Non,Oui,Non,Non,Non,Non,Oui,Oui,Non,Oui,Non,Oui,Non,,Mambere-Kadei,,Gamboula,,Basse-Boumne,,,15.225398,4.199319,2015,Mai
1148022862,29.06.2015,07.05.2015,07.05.2015,DRC,Mbinai,,DRC_MBI_20150507,1,,,Non,Oui,Non,Oui,Oui,Non,Non,Oui,Non,Oui,Non,Non,Oui,Non,Oui,,Ouham Pende,,Ngaoundaye,,Kodi,,,15.439806,7.425272,2015,Mai
1070456538,12.05.2015,11.05.2015,11.05.2015,ACTED,Béma,,ACTED_BEM_20150511,,,,Non,Oui,Non,Non,Non,Oui,Non,Oui,Non,Non,Non,Non,Oui,Non,Oui,,Mbomou,,Ouango,,Ouango,,,22.442181,4.142042,2015,Mai
1956065888,16.05.2015,16.05.2015,02.06.2015,SI,Kaga-Bandoro,,SI_BAM_20150516,2,383,1960,Non,Oui,Non,Oui,Non,Non,Non,Oui,Non,Non,Non,Oui,Non,Oui,Non,,Nana-Gribizi,,Kaga-Bandoro,,Kaga-Bandoro,,,19.185733,6.992369,2015,Mai
1796818178,20.05.2015,19.05.2015,20.05.2015,PU-AMI,Berberati,,PU_BER_20150520,1,200,1000,Oui,Non,Non,Oui,Non,Non,Non,Oui,Non,Non,Non,Non,Oui,Non,Oui,,Mambere-Kadei,,Berberati,,Basse-Batouri,,,15.787529,4.255473,2015,Mai
1409416818,02.06.2015,19.05.2015,19.05.2015,ACF,Bodé,,ACF_BOD_20150519,1,717,3585,Oui,Non,Non,Non,Oui,Non,Non,Oui,Non,Non,Non,Oui,Non,Oui,Non,,Ouham,,Batangafo,,Batangafo,,,17.428594,7.171736,2015,Mai
358900203,21.05.2015,20.05.2015,20.05.2015,DRC,Bolgue,,DRC_BOL_20150520,1,212,,Non,Non,Oui,Non,Oui,Non,Non,Non,Non,Oui,Non,Oui,Non,Oui,Non,,Ouham,,Markounda,,Nana Markounda,,,17.005704,7.273226,2015,Mai
520494180,21.05.2015,21.05.2015,21.05.2015,DRC,Bepikasse 1,,DRC_BEP_20150521,1,,,Non,Oui,Non,Oui,Non,Non,Non,Oui,Non,Non,Non,Non,Oui,Non,Oui,,Ouham Pende,,Paoua,,Mia-Pende,,,16.638503,7.604638,2015,Mai
228615171,29.05.2015,22.05.2015,22.05.2015,ACTED,Mbo-Pouloubou,,ACTED_MBO_20150522,,135,675,Non,Oui,Non,Non,Non,Oui,Non,Oui,Non,Non,Non,Oui,Non,Oui,Non,,Basse-Kotto,,Mingala,,Kotto,,,21.639282,5.126245,2015,Mai
2017668254,29.05.2015,29.05.2015,29.05.2015,DRC,Herbo,,DRC_HER_20150529,1,,,Non,Oui,Non,Oui,Non,Non,Non,Oui,Non,Non,Non,Oui,Non,Oui,Non,,Ouham Pende,,Ngaoundaye,,Yeme,,,16.092648,7.556351,2015,Mai
1719160419,26.06.2015,01.06.2015,01.06.2015,DRC,Kozoro 1,,DRC_KOZ_20150601,1,,,Non,Oui,Non,Oui,Non,Non,Non,Oui,Non,Oui,Non,Oui,Non,Oui,Non,,Ouham,,Bouca,,Lady Gbawi,,,18.505414,6.840072,2015,Juin
253139056,07.07.2015,02.06.2015,02.07.2015,SI,Kaga-Bandoro,,SI_BIS_20150602,1,261,1359,Non,Oui,Non,Oui,Non,Non,Non,Oui,Non,Non,Non,Oui,Non,Oui,Non,,Nana-Gribizi,,Kaga-Bandoro,,Kaga-Bandoro,,,19.185733,6.992369,2015,Juin
1503092544,05.06.2015,03.06.2015,05.06.2015,ACTED,Boy Kota,,ACTED_BOY_20150603,4,156,1810,Non,Oui,Non,Oui,Non,Non,Non,Oui,Non,Non,Non,Oui,Non,Oui,Non,,Ouaka,,Kouango,,Cochio-Toulou,,,20.576496,5.158270,2015,Juin
1170883309,15.06.2015,03.06.2015,03.06.2015,ACTED,Manoeuvre,,ACTED_MAN_20150609,1,,,Non,Oui,Non,Non,Non,Oui,Non,Non,Oui,Non,Non,Oui,Non,Oui,Non,,Basse-Kotto,,Zangba,,Yabongo,,,20.752234,4.433675,2015,Juin
2012125456,09.06.2015,07.06.2015,07.06.2015,ACF,Baboua,,ACF_BAB_20150606,1,96,457,Non,Oui,Non,Oui,Non,Non,Non,Oui,Non,Non,Non,Oui,Non,Oui,Non,,Nana-Mambere,,Baboua,,Baboua,,,14.832919,5.806589,2015,Juin
852034755,16.06.2015,09.06.2015,17.06.2015,PU-AMI,Dilapoko,,PU_DIL_20150609,1,,,Non,Oui,Non,Oui,Non,Non,Non,Non,Non,Oui,Non,Oui,Non,Oui,Non,,Mambere-Kadei,,Gamboula,,Basse-Boumne,,,15.091660,4.363720,2015,Juin
1373282761,09.06.2015,09.06.2015,09.06.2015,ACF,Behile,,ACF_BEH_20150609,4,,,Non,Oui,Non,Oui,Non,Non,Non,Oui,Non,Non,Non,Oui,Non,Oui,Non,,Ouham,,Markounda,,Nana Markounda,,,17.028554,7.622169,2015,Juin
1523503660,09.06.2015,09.06.2015,09.06.2015,ACF,Marzé,,ACF_MAR_20150609,,,1540,Non,Oui,Non,Oui,Non,Non,Non,Non,Non,Oui,Non,Oui,Non,Oui,Non,,Ouham,,Bouca,,,,,18.778981,6.847689,2015,Juin
1887083085,18.06.2015,16.06.2015,16.06.2015,ACTED,Goya,,ACT_GOY_20150616,1,,,Non,Oui,Non,Oui,Non,Non,Non,Oui,Non,Non,Non,Oui,Non,Oui,Non,,Ouaka,,Kouango,,Cochio-Toulou,,,20.686183,4.928531,2015,Juin
709467086,23.06.2015,23.06.2015,30.06.2015,PU-AMI,Nola,,PU_NOL_20150623,5,,,Non,Non,Oui,Non,Non,Oui,Non,Oui,Non,Non,Non,Oui,Non,Oui,Non,,Sangha-Mbaere,,Nola,,Nola,,,16.044940,3.524026,2015,Juin
1745454452,30.06.2015,24.06.2015,24.06.2015,ACF,Pama,,ACF_PAM_20150624,1,,,Non,Oui,Non,Non,Oui,Non,Non,Oui,Non,Non,Non,Oui,Non,Oui,Non,,Ouham,,Batangafo,,Hama,,,17.468886,7.172058,2015,Juin
1751495248,26.06.2015,24.06.2015,24.06.2015,DRC,Bepikasse 1,,DRC_BEP_20150624,2,,,Non,Oui,Non,Oui,Non,Non,Non,Non,Non,Oui,Non,Oui,Non,Oui,Non,,Ouham Pende,,Paoua,,Mia-Pende,,,16.638503,7.604638,2015,Juin
1773046412,30.06.2015,30.06.2015,30.06.2015,ACTED,Obo,,ACT_AZA_20150630,,,,Non,Oui,Non,Oui,Non,Non,Non,Oui,Non,Non,Non,Oui,Non,Oui,Non,,Haut-Mbomou,,Obo,,Obo,,,26.488725,5.387019,2015,Juin
932565507,07.07.2015,03.07.2015,03.07.2015,DRC,Béyongo,,DRC_BEY_20150618,4,,,Non,Oui,Non,Oui,Non,Non,Non,Oui,Non,Oui,Non,Oui,Non,Oui,Non,,Ouham,,Markounda,,Nana Markounda,,,17.045556,8.000000,2015,Juillet
1162743500,07.07.2015,06.07.2015,07.07.2015,SI,Ndenga,,SI_Ndenga_20150706,5,926,5556,Non,Non,Oui,Non,Oui,Non,Non,Oui,Non,Non,Non,Oui,Non,Oui,Non,,Nana-Gribizi,,Kaga-Bandoro,,Ndenga,,,19.260450,6.759629,2015,Juillet

