SiteId,DateCreated,startDate,endDate,Partner,OCHA_village_v2,year,AlerteID,Nb_localites_affectes,Date_rapport_NFI_envoy_CoPil,TOTAL_menages_beneficiaires_NFI,TOTAL_individus_beneficiaires_NFI,DEPLACES _menages_beneficiaires_NFI,DEPLACES_individus_beneficiaires_NFI,ACCEUIL_menages_beneficiaires_NFI,ACCEUIL_individus_beneficiaires_NFI,RETOURNES_menages_beneficiaires_NFI,RETOURNES_individus_beneficiaires_NFI,RAPATRIES_menages_beneficiaires_NFI,RAPATRIES_individus_beneficiaires_NFI,HOTE_menages_beneficiaires_NFI,HOTE_individus_beneficiaires_NFI,Hommes_beneficiaires,Femmes_beneficiaires,beneficiaires_moins_5ans,beneficiaires_5_17ans,beneficiaires_18_59ans,beneficiaires_plus_60ans,Kits_NFI_total,Kits_NFI_deplaces,Kits_NFI_accueil,Kits_NFI_retournes,Kits_NFI_rapatries,Kits_NFI_hote,NFI_savons_total,NFI_savons_deplaces,NFI_savons_accueil,NFI_savons_retournes,NFI_savons_rapatries,NFI_savons_hote,NFI_couvertures_total,NFI_couvertures_deplaces,NFI_couvertures_accueil,NFI_couvertures_retournes,NFI_couvertures_rapatries,NFI_couvertures_hote,NFI_nattes_total,NFI_nattes_deplaces,NFI_nattes_accueil,NFI_nattes_retournes,NFI_nattes_rapatries,NFI_nattes_hote,NFI_bidons_total,NFI_bidons_deplaces,NFI_bidons_accueil,NFI_bidons_retournes,NFI_bidons_rapatries,NFI_bidons_hote,NFI_moustiquaires_total,NFI_moustiquaires_deplaces,NFI_moustiquaires_accueil,NFI_moustiquaires_retournes,NFI_moustiquaires_rapatries,NFI_moustiquaires_hote,NFI_baches_total,NFI_baches_deplaces,NFI_baches_accueil,NFI_baches_retournes,NFI_baches_rapatries,NFI_baches_hote,NFI_torche_total,NFI_torche_deplaces,NFI_torche_accueil,NFI_torche_retournes,NFI_torche_rapatries,NFI_torche_hote,NFI_seau_total,NFI_seau_deplaces,NFI_seau_accueil,NFI_seau_retournes,NFI_seau_rapatries,NFI_seau_hote,NFI_kitCuisine_total,NFI_kitCuisine_deplaces,NFI_kitCuisine_accueil,NFI_kitCuisine_retournes,NFI_kitCuisine_rapatries,NFI_kitCuisine_hote,NFI_vetements_enfants_total,NFI_vetements_enfants_deplaces,NFI_vetements_enfants_accueil,NFI_vetements_enfants_retournes,NFI_vetements_enfants_rapatries,NFI_vetements_enfants_hote,NFI_vetement_bebe,Kits_VIVRES,Vivres_Huile2L,Vivres_PlumpySup,Vivres_CSB_12Kg,Vivres_Riz_25kg,Date_rapport_WASH_envoye_CoPil,TOTAL_individus_beneficiaires_WASH,DEPLACES_individus_beneficiaires_WASH,ACCEUIL_individus_beneficiaires_WASH,RETOURNES_individus_beneficiaires_WASH,RAPATRIES_individus_beneficiaires_WASH,HOTE_individus_beneficiaires_WASH,TOTAL bénéficiaires hommes,TOTAL bénéficiaires femmes,TOTAL bénéficiaires moins de 5 ans,TOTAL bénéficiaires de 5 - 17 ans,TOTAL bénéficiaires de 18 - 59 ans,TOTAL bénéficiaries 60 et +,Nb_blocs_latrines,nb_latrines_installees,rehabilitation_forage_source_eau,Redynamisation_comite_gestion_source_eau,Sensibilisation_communaute_lavage_main,Sensibilisation_communaute_bonnes_pratiques_hygiene,comite_gestion_latrines,Autre_intervention_WASH,Abris,interventioncount,NFI_WASH,NFI,WASH,Status_Intervention_Complete,Status_Intervention_Prevu,Status_Intervention_En_cours,Status_Intervention_En_attente,Status_Intervention_Annule,Status_Intervention_NA,Delais_INT_NFI_Pas_d_intervention,Delais_INT_NFI_Disponibilite,Delais_INT_NFI_Defaillance_BD,Delais_INT_NFI_Coordination_humanitaire,Delais_INT_NFI_Intervention_multiple,Delais_INT_NFI_Autre,Delais_INT_NFI_Pas_de_delais,Delais_EXT_NFI_Pas_d_intervention,Delais_EXT_NFI_Necessite_reevaluer,Delais_EXT_NFI_Acces_logistique,Delais_EXT_NFI_Suspension_logistique,Delais_EXT_NFI_Acceptance_parties_prenantes,Delais_EXT_NFI_Incident_pendant_MEX,Delais_EXT_NFI_Acces_securitaire,Delais_EXT_NFI_Suspension_securitaire,Delais_EXT_NFI_Pas_de_delais,Delais_EXT_NFI_Autre,Cause_annulation_NFI_intervention_autre_agence,Cause_annulation_NFI_Securite,Cause_annulation_NFI_NA,Cause_annulation_NFI_Autre,Statut_rapport_intervention_NFI_En_cours,EStatut_rapport_intervention_NFI_Envoye_CoPil,Statut_intervention_WASH_Complete,Statut_intervention_WASH_Prevu,Statut_intervention_WASH_En_cours,Statut_intervention_WASH_En_attente,Statut_intervention_WASH_Annule,Statut_intervention_WASH_NA,Delais_INT_WASHI_Pas_d_intervention,Delais_INT_WASH_Disponibilite,Delais_INT_WASH_Defaillance_BD,Delais_INT_WASH_Coordination_humanitaire,Delais_INT_WASH_Intervention_multiple,Delais_INT_WASH_Autre,Delais_INT_WASH_Pas_de_delais,Delais_EXT_WASH_Pas_d_intervention,Delais_EXT_WASH_Necessite_reevaluer,Delais_EXT_WASH_Acces_logistique,Delais_EXT_WASH_Suspension_logistique,Delais_EXT_WASH_Acceptance_parties_prenantes,Delais_EXT_WASH_Incident_pendant_MEX,Delais_EXT_WASH_Acces_securitaire,Delais_EXT_WASH_Suspension_securitaire,Delais_EXT_WASH_Pas_de_delais,Delais_EXT_WASH_Autre,Cause_annulation_WASH_intervention_autre_agence,Cause_annulation_WASH_Securite,Cause_annulation_WASH_NA,Cause_annulation_WASH_Autre,Statut_rapport_intervention_WASH_En_cours,Statut_rapport_intervention_WASH_Envoye_CoPil,Code_Prefecture,Prefecture,Code_SousPrefecture,SousPrefecture,CodeCommune,Commune,CodeArrondissement,Arrondissement,Longitude,Latitude
263887441,14.07.2015,14.07.2015,19.07.2015,SI,Kaga-Bandoro,2015,SI_BI2_20150516,,,,,,,,,,,,,,,,,,,,,,,,,,,,,,,,,,,,,,,,,,,,,,,,,,,,,,,,,,,,,,,,,,,,,,,,,,,,,,,,,,,,,,,,,,,,,,,,,,,,,,,,,,,,,,,,,,,,Non,Oui,Non,Non,Non,Oui,Non,Non,Non,Non,Non,Non,Oui,Non,Non,Non,Non,Non,Non,Non,Non,Non,Non,Non,Non,Oui,Non,Non,Oui,Non,Oui,Non,Non,Non,Non,Non,Non,Oui,Oui,Non,Non,Non,Non,Non,Non,Oui,Non,Non,Non,Non,Non,Non,Non,Non,Non,Non,Non,Non,Non,Non,Non,,Nana-Gribizi,,Kaga-Bandoro,,Kaga-Bandoro,,,19.185733,6.992369
2010434513,14.07.2015,13.07.2015,22.07.2015,DRC,Pama,2015,ACF_PAM_20150624,1,,,,,,,,,,,,,,,,,,,,,,,,,,,,,,,,,,,,,,,,,,,,,,,,,,,,,,,,,,,,,,,,,,,,,,,,,,,,,,,,,,,,,,,,,,,,20150721,546,,,546,,,326,220,,,,,,,1,1,1,1,,,,,Oui,Non,Non,Non,Non,Non,Oui,Non,Non,Non,Non,Non,Non,Non,Oui,Non,Non,Non,Non,Non,Non,Non,Oui,Non,Non,Non,Non,Non,Oui,Non,Non,Non,Oui,Non,Non,Non,Non,Non,Non,Non,Non,Non,Non,Non,Oui,Non,Non,Non,Non,Non,Non,Non,Non,Oui,Non,Non,Non,Non,Non,Oui,Non,,Ouham,,Batangafo,,Hama,,,17.468886,7.172058
1114124448,06.07.2015,03.07.2015,31.07.2015,PU-AMI,Mboussa,2015,PU_MBO_20150623,4,,1392,,,,,,,,,,,,,,,,,,,,,,,,,,,,,,,,,,,,,,,,,,,,,,,,,,,,,,,,,,,,,,,,,,,,,,,,,,,,,,,,,,,,,,,,,,,,,,,,,,,,,,,,,,,,,,,,,Non,Non,Oui,Oui,Non,Non,Non,Non,Non,Non,Non,Non,Non,Non,Non,Oui,Non,Non,Non,Non,Non,Non,Non,Oui,Non,Non,Non,Non,Oui,Non,Oui,Non,Non,Non,Oui,Non,Non,Non,Non,Non,Non,Non,Non,Non,Oui,Non,Non,Non,Non,Non,Non,Non,Non,Oui,Non,Non,Non,Oui,Non,Non,Non,,Sangha-Mbaere,,Nola,,Nola,,,16.197823,3.715970
1590762105,06.07.2015,03.07.2015,18.07.2015,PU-AMI,Nola,2015,PU_NOL_20150623,1,,170,,,,,,,,,,,,,,,,,,,,,,,,,,,,,,,,,,,,,,,,,,,,,,,,,,,,,,,,,,,,,,,,,,,,,,,,,,,,,,,,,,,,,,,,,,,,,,,,,,,,,,,,,,,,,,,,,Non,Non,Oui,Non,Non,Oui,Non,Non,Non,Non,Non,Non,Non,Non,Non,Oui,Non,Non,Non,Non,Non,Non,Non,Oui,Non,Non,Non,Non,Oui,Non,Oui,Non,Non,Non,Oui,Non,Non,Non,Non,Non,Non,Non,Non,Non,Oui,Non,Non,Non,Non,Non,Non,Non,Non,Oui,Non,Non,Non,Oui,Non,Non,Non,,Sangha-Mbaere,,Nola,,Nola,,,16.044940,3.524026
1999200123,30.06.2015,26.06.2015,09.07.2015,ACTED,Goya,2015,ACT_GOY_20150616,1,,,,,,,,,,,,,,,,,,,,,,,,,,,,,,,,,,,,,,,,,,,,,,,,,,,,,,,,,,,,,,,,,,,,,,,,,,,,,,,,,,,,,,,,,,,,,,,,,,,,,,,,,,,1,1,2,2,,,,,Non,Non,Oui,Non,Non,Non,Non,Non,Oui,Oui,Non,Non,Non,Non,Non,Non,Oui,Non,Non,Non,Non,Non,Non,Non,Non,Non,Non,Non,Oui,Non,Oui,Non,Non,Non,Oui,Non,Non,Non,Non,Non,Non,Non,Non,Non,Oui,Non,Non,Non,Non,Non,Non,Non,Non,Oui,Non,Non,Non,Oui,Non,Oui,Non,,Ouaka,,Kouango,,Cochio-Toulou,,,20.686183,4.928531
1117806844,16.06.2015,22.06.2015,15.07.2015,ACF,Bodé,2015,ACF_BOD_20150519,1,,543,,,,,,543,,,,,,,,,,,,,,,,,,,,,,,,,,,,,,,,,,,,,,,,,,,,,,,,,,,,,,,,,,,,,,,,,,,,,,,,,,,,,,,,,,,,,,,,,,,,,,,,,,,,,,,,,,,Oui,Non,Non,Non,Non,Oui,Non,Non,Non,Non,Oui,Non,Non,Oui,Non,Non,Non,Non,Non,Non,Non,Non,Non,Non,Oui,Non,Non,Non,Oui,Non,Oui,Non,Non,Non,Oui,Non,Non,Non,Non,Non,Non,Non,Oui,Non,Non,Non,Non,Non,Non,Non,Non,Non,Oui,Non,Non,Non,Non,Non,Non,Oui,Non,,Ouham,,Batangafo,,Batangafo,,,17.428594,7.171736
805162555,23.06.2015,18.06.2015,25.06.2015,ACF,Baboua,2015,ACF_BAB_20150606,1,,142,823,142,823,,,,,,,,,,,,,,,142,142,,,,,1578,1578,,,,,276,276,,,,,276,276,,,,,276,276,,,,,276,276,,,,,138,138,,,,,,,,,,,138,138,,,,,,,,,,,,,,,,,,,,,,,,,,,,,,,,,,,,,,,,,,,,,,Non,Oui,Non,Oui,Non,Non,Non,Non,Non,Non,Non,Non,Non,Non,Non,Oui,Non,Non,Non,Non,Non,Non,Non,Oui,Non,Non,Non,Non,Oui,Non,Non,Oui,Non,Non,Non,Non,Oui,Non,Non,Non,Non,Non,Non,Non,Oui,Non,Non,Non,Non,Non,Non,Non,Non,Oui,Non,Oui,Non,Non,Non,Oui,Non,,Nana-Mambere,,Baboua,,Baboua,,,14.832919,5.806589
559577938,17.05.2015,30.05.2015,12.06.2015,PU-AMI,Boy bale,2015,PU_MBA_20150313,6,,1123,7259,,,,,1123,7259,,,,,1201,1405,1841,2812,,,1123,,,1123,,,6738,,,6738,,,1123,,,1123,,,2246,,,2246,,,0,,,,,,2246,,,2246,,,1123,,,1123,,,,,,,,,2246,,,2246,,,1007,,,1007,,,,,,,,,,,,,,,20150622,1000,,,1000,,,,,,,,,,,2,2,6,6,,,,,Oui,Non,Non,Oui,Non,Non,Non,Non,Non,Non,Oui,Non,Oui,Non,Non,Non,Non,Non,Oui,Non,Non,Non,Non,Non,Non,Non,Non,Non,Oui,Non,Oui,Non,Oui,Non,Non,Non,Non,Non,Non,Non,Non,Oui,Non,Non,Non,Non,Non,Oui,Non,Non,Non,Non,Non,Non,Non,Non,Non,Oui,Non,Oui,Non,,Mambere-Kadei,,Gadzi,,Mbali,,,16.757124,5.225732
359034048,27.05.2015,29.05.2015,31.05.2015,ACTED,Zabé,2015,ACTED_ZAB_20150422,5,,262,,,,,,262,,,,,,,,,,,,262,,,262,,,1834,,,1834,,,262,,,262,,,262,,,262,,,262,,,262,,,524,,,524,,,262,,,262,,,,,,,,,262,,,262,,,,,,,,,,,,,,,,,,,,,2015/06/16,1014,,,1014,,,510,426,78,,,,,,,,3,3,,,,,Non,Oui,Non,Oui,Non,Non,Non,Non,Non,Non,Non,Non,Non,Non,Non,Oui,Non,Non,Non,Non,Non,Non,Oui,Non,Non,Non,Non,Non,Oui,Non,Non,Oui,Oui,Non,Non,Non,Non,Non,Non,Non,Non,Non,Non,Non,Oui,Non,Non,Non,Non,Non,Non,Oui,Non,Non,Non,Non,Non,Oui,Non,Non,Oui,,Mbomou,,Bakouma,,Bakouma,,,22.235056,5.908856
1451352,26.05.2015,26.05.2015,31.05.2015,ACTED,Kpadou,2015,ACTED_KPA_20150505,4,,1755,8775,,,,,,,,,1755,8775,,,,,,,,,,,,,8775,,,,,8775,,,,,,,,,,,,,1755,,,,,1755,,,,,,,,,,,,,,,,,,,1755,,,,,1755,,,,,,,,,,,,,,,,,,,2015/07/23,1755,,,,,1755,,,,,,,,,,,4,4,,,,,Oui,Non,Non,Oui,Non,Non,Non,Non,Non,Non,Non,Non,Non,Non,Non,Oui,Oui,Non,Non,Non,Non,Non,Non,Non,Non,Non,Non,Non,Oui,Non,Non,Oui,Oui,Non,Non,Non,Non,Non,Non,Non,Non,Non,Non,Non,Oui,Non,Non,Non,Non,Non,Non,Non,Non,Oui,Non,Non,Non,Non,Non,Non,Oui,,Basse-Kotto,,Kembe,,Mboui,,,21.375632,4.531658
516772832,14.07.2015,26.05.2015,27.05.2015,SI,Badia,2015,SI_ND3_20150320,8,,170,1020,170,1020,,,,,,,,,,,,,,,170,170,,,,,1020,1020,,,,,170,170,,,,,340,340,,,,,170,170,,,,,340,340,,,,,170,170,,,,,,,,,,,170,170,,,,,,,,,,,,,,,,,,,,,,,,,,,,,,,,,,,,,,,,,,,,,,Non,Oui,Non,Oui,Non,Non,Non,Non,Non,Non,Non,Non,Non,Non,Oui,Non,Non,Non,Non,Non,Non,Non,Oui,Non,Non,Non,Non,Non,Oui,Non,Non,Oui,Non,Non,Non,Non,Non,Oui,Oui,Non,Non,Non,Non,Non,Non,Oui,Non,Non,Non,Non,Non,Non,Non,Non,Non,Non,Non,Oui,Non,Oui,Non,,Nana-Gribizi,,Kaga-Bandoro,,Ndenga,,,19.114604,6.734338
241169077,12.05.2015,19.05.2015,26.06.2015,ACF,Kouki,2015,ACF_KOU_20150325,1,,1450,8339,,,,,1450,8339,,,,,,,,,,,1450,,,1450,,,17400,,,17400,,,2900,,,2900,,,2900,,,2900,,,,,,,,,2900,,,2900,,,989,,,989,,,,,,,,,,,,,,,,,,,,,,,,,,,,,,,,,20150630,8356,,,8356,,,,,,,,,,50,5,4,4,4,4,,,,Oui,Non,Non,Oui,Non,Non,Non,Non,Non,Non,Oui,Non,Non,Non,Non,Non,Non,Non,Oui,Non,Non,Non,Oui,Non,Non,Non,Non,Non,Oui,Non,Non,Oui,Oui,Non,Non,Non,Non,Non,Non,Non,Non,Non,Oui,Non,Non,Non,Non,Non,Non,Non,Non,Oui,Non,Non,Non,Non,Non,Oui,Non,Non,Oui,,Ouham,,Nana-Bakassa,,Nana-Bakassa,,,17.309082,7.166343
1982703657,19.05.2015,16.05.2015,26.06.2015,ACF,Bowara,2015,ACF_BOW_20150417,1,,550,1998,,,,,550,1998,,,,,,,,,,,550,,,550,,,3300,,,3300,,,1100,,,1100,,,1100,,,1100,,,,,,,,,1100,,,1100,,,420,,,420,,,,,,,,,550,,,550,,,,,,,,,,,,,,,,,,,,,2015/07/03,1998,,,1998,,,,,,,,,,50,2,2,2,2,2,,,,Oui,Non,Non,Oui,Non,Non,Non,Non,Non,Non,Oui,Non,Non,Oui,Non,Non,Non,Non,Non,Non,Non,Non,Oui,Non,Non,Non,Non,Non,Oui,Non,Non,Oui,Oui,Non,Non,Non,Non,Non,Non,Non,Non,Non,Oui,Non,Non,Non,Non,Non,Non,Non,Non,Oui,Non,Non,Non,Non,Non,Oui,Non,Non,Oui,,Ouham,,Nana-Bakassa,,Nana-Bakassa,,,17.384206,7.169761
2048303893,17.05.2015,13.05.2015,25.05.2015,PU-AMI,Berberati,2015,PU_EVE_20150501,1,,9,,9,,,,,,,,,,,,,,,,9,9,,,,,54,54,,,,,18,18,,,,,18,18,,,,,18,18,,,,,18,18,,,,,9,9,,,,,,,,,,,,9,9,,,,9,9,,,,,18,18,,,,,,,,,,,,200,200,,,,,,,,,,,1,4,,,1,1,1,,,,Oui,Non,Non,Oui,Non,Non,Non,Non,Non,Non,Non,Non,Oui,Non,Non,Non,Non,Non,Non,Non,Non,Non,Non,Oui,Non,Non,Non,Non,Oui,Non,Non,Oui,Oui,Non,Non,Non,Non,Non,Non,Oui,Non,Non,Non,Oui,Non,Non,Non,Non,Non,Non,Non,Non,Non,Oui,Non,Non,Non,Oui,Non,Non,Oui,,Mambere-Kadei,,Berberati,,Basse-Batouri,,,15.787529,4.255473
1311532288,29.05.2015,02.05.2015,19.07.2015,ACTED,Guenekoumba,2015,ACTED_GUE_20150425,1,,203,1015,0,0,0,0,203,1015,0,0,0,0,0,0,,,,,203,,,203,,,1421,,,1421,,,203,,,203,,,0,0,0,0,0,,203,,,203,,,406,,,406,,,1,,,203,,,,,,,,,203,,,203,,,,,,,,,,,,,,,,,,,,,,889,178,,,,,,,,,,,,,2,1,2,2,,,,,Non,Oui,Non,Oui,Non,Non,Non,Non,Non,Non,Non,Non,Non,Non,Non,Oui,Non,Non,Non,Non,Non,Non,Oui,Non,Non,Non,Non,Non,Oui,Non,Non,Oui,Oui,Non,Non,Non,Non,Non,Non,Non,Non,Oui,Non,Non,Oui,Non,Non,Non,Non,Non,Non,Oui,Non,Non,Non,Non,Non,Oui,Non,Oui,Non,,Mbomou,,Rafai,,Rafai,,,24.585240,5.092950
76827058,07.05.2015,30.04.2015,14.07.2015,ACTED,Derbissaka,2015,ACTED_DER_20150227,,,285,1060,,,,,285,1060,,,,,,,,,,,285,,,285,,,1430,,,1430,,,285,,,285,,,,,,,,,285,,,285,,,,,,,,,285,,,285,,,,,,,,,285,,,285,,,285,,,285,,,,,,,,,,,,,,,2015/07/14,1060,,,2984,,,,,66,,,,,,1,1,3,3,,,,,Oui,Non,Non,Oui,Non,Non,Non,Non,Non,Non,Non,Non,Non,Non,Non,Oui,Non,Non,Oui,Non,Non,Non,Oui,Non,Non,Non,Non,Non,Oui,Non,Non,Oui,Oui,Non,Non,Non,Non,Non,Non,Non,Non,Non,Non,Non,Oui,Non,Non,Oui,Non,Non,Non,Oui,Non,Non,Non,Non,Non,Oui,Non,Oui,Non,,Mbomou,,Rafai,,Rafai,,,24.847812,5.774286
1656684167,06.04.2015,30.04.2015,14.05.2015,ACTED,Lihoto,2015,ACTED_LIH_20150206,1,,529,2645,207,1035,,,,,,,322,1610,,,,,,,529,207,,,,322,3703,1449,,,,2254,207,207,,,,0,1058,0,0,0,0,0,207,207,0,0,0,0,1058,414,,,,644,207,207,0,0,0,0,0,0,0,0,0,0,529,207,0,0,0,322,529,207,0,0,0,322,0,0,0,0,0,0,0,0,0,0,0,0,20150615,2645,1035,,,,1610,,,,,,,,,3,2,2,2,,,,,Oui,Non,Non,Oui,Non,Non,Non,Non,Non,Non,Oui,Non,Non,Non,Non,Non,Non,Non,Oui,Non,Oui,Non,Non,Non,Non,Non,Non,Non,Non,Non,Non,Oui,Oui,Non,Non,Non,Non,Non,Non,Non,Non,Non,Non,Non,Oui,Non,Non,Oui,Non,Oui,Non,Non,Non,Non,Non,Non,Non,Non,Non,Non,Oui,,Ouaka,,Kouango,,Azengue-Mindou,,,20.158370,5.312277
6000403,23.04.2015,27.04.2015,27.05.2015,DRC,Mbada,2015,DRC_MBA_20150110,4,,,,,,,,,,,,,,,,,,,,,,,,,,,,,,,,,,,,,,,,,,,,,,,,,,,,,,,,,,,,,,,,,,,,,,,,,,,,,,,,,,,,,,,,,,,,,3500,,,,,,,,,,,,,70,7,,,,,,,,Non,Non,Oui,Non,Non,Non,Non,Oui,Non,Non,Oui,Non,Oui,Oui,Oui,Non,Non,Non,Non,Oui,Non,Non,Non,Non,Oui,Oui,Non,Oui,Non,Oui,Non,Non,Oui,Non,Non,Non,Non,Non,Non,Oui,Non,Oui,Oui,Oui,Non,Non,Non,Non,Non,Non,Non,Oui,Oui,Non,Non,Non,Non,Oui,Non,Oui,Non,,Ouham,,Bouca,,Lady Gbawi,,,18.562368,6.865547
1676125181,21.04.2015,27.04.2015,30.04.2015,SI,Kaga-Bandoro,2015,SI_ND1_20150320,8,,973,5838,973,5838,,,,,,,,,,,,,,,973,973,,,,,5838,5838,,,,,973,973,,,,,1946,1946,,,,,973,973,,,,,1946,1946,,,,,973,973,,,,,,,,,,,973,973,,,,,,,,,,,,,,,,,,,,,,,,,,,,,,,,,,,,,,,,,,,,,,Oui,Non,Non,Oui,Non,Non,Non,Non,Non,Non,Non,Non,Non,Non,Non,Oui,Non,Non,Non,Non,Non,Non,Oui,Non,Non,Non,Non,Non,Oui,Non,Oui,Non,Oui,Non,Non,Non,Non,Non,Non,Non,Non,Non,Non,Non,Oui,Non,Non,Non,Non,Non,Non,Non,Oui,Non,Non,Non,Non,Oui,Non,Oui,Non,,Nana-Gribizi,,Kaga-Bandoro,,Kaga-Bandoro,,,19.185733,6.992369
1253832593,06.04.2015,23.04.2015,15.05.2015,DRC,Bokaioua,2015,DRC_BOK_20150209,8,,,,,,,,,,,,,,,,,,,,,,,,,,,,,,,,,,,,,,,,,,,,,,,,,,,,,,,,,,,,,,,,,,,,,,,,,,,,,,,,,,,,,,,,,,,,,1500,,,,,,,,,,,,,,3,,,,,,,,Oui,Non,Non,Non,Non,Non,Non,Oui,Non,Non,Non,Non,Oui,Non,Non,Non,Non,Non,Non,Non,Non,Non,Non,Non,Oui,Oui,Oui,Non,Non,Non,Non,Non,Oui,Non,Non,Non,Non,Non,Non,Oui,Non,Non,Oui,Non,Non,Non,Non,Non,Non,Non,Non,Oui,Oui,Non,Non,Non,Non,Oui,Non,Oui,Non,,Ouham,,Kabo,,Ouaki,,,18.538442,7.279787
1118244278,27.04.2015,18.04.2015,20.05.2015,ACTED,Goussiéma,2015,ACTED_GOU_20150319,1,,559,2795,359,1795,200,1000,,,,,,,,,,,,,559,359,200,0,0,0,3913,2513,1400,0,0,0,359,359,0,0,0,0,0,0,0,0,0,0,359,359,0,0,0,0,1118,718,400,0,0,0,359,359,0,0,0,0,0,0,,0,0,0,359,359,0,0,0,0,559,359,200,0,0,0,0,0,0,0,0,0,0,0,0,0,0,0,20150616,2795,1795,,,,1000,,,,,,,,,2,2,4,4,,,,,Oui,Non,Non,Oui,Non,Non,Non,Non,Non,Non,Non,Non,Non,Non,Non,Oui,Non,Non,Oui,Non,Oui,Non,Non,Non,Non,Non,Non,Non,Non,Non,Non,Oui,Oui,Non,Non,Non,Non,Non,Non,Non,Non,Non,Non,Non,Oui,Non,Non,Oui,Non,Oui,Non,Non,Non,Non,Non,Non,Non,Non,Non,Non,Oui,,Ouaka,,Kouango,,Kouango,,,20.126750,5.395833
2063036084,14.04.2015,18.04.2015,22.04.2015,ACTED,Dembia,2015,ACTED_DEM_20150317,9,,956,4780,35,175,,,921,4605,,,,,,,,,,,956,35,0,921,,0,6692,245,,6447,,,1912,70,,1842,,,6447,70,,1842,,,956,35,,921,,,6447,70,,1842,,,956,35,,921,,,,,,,,,956,35,,921,,,,,,,,,,,,,,,,,,,,,20150527,5357,175,,4605,,577,,,,,,,,,4,4,14,14,,,,,Oui,Non,Non,Oui,Non,Non,Non,Non,Non,Non,Non,Non,Non,Non,Non,Oui,Non,Non,Oui,Non,Non,Non,Non,Non,Non,Non,Non,Non,Non,Non,Non,Oui,Oui,Non,Non,Non,Non,Non,Non,Non,Non,Non,Non,Non,Oui,Non,Non,Oui,Non,Non,Non,Non,Non,Non,Non,Non,Non,Non,Non,Non,Oui,,Mbomou,,Rafai,,Rafai,,,24.463914,5.102711
2059866775,06.04.2015,08.04.2015,10.04.2015,DRC,Batangafo,2015,DRC_BAT_20150302,7,,2208,11040,2208,11040,0,0,,,,,,,,,,,,,2208,2208,0,,,,,,,,,,4416,4416,0,,,,4416,4416,,,,,,,,,,,,,,,,,2208,2208,,,,,,,,,,,4416,4416,,,,,,,,,,,,,,,,,,,,,,,,,,,,,,,,,,,,,,,,,,,,,,Non,Oui,Non,Oui,Non,Non,Non,Non,Non,Non,Non,Non,Oui,Non,Oui,Non,Non,Non,Non,Non,Non,Non,Non,Non,Non,Oui,Non,Non,Oui,Non,Non,Oui,Non,Non,Non,Non,Oui,Non,Non,Non,Non,Non,Oui,Oui,Non,Non,Non,Non,Non,Non,Non,Non,Non,Non,Oui,Oui,Non,Non,Non,Non,Non,,Ouham,,Batangafo,,Batangafo,,,18.285135,7.300987
56964430,06.04.2015,06.04.2015,06.04.2015,ACF,Sanguere 3,2015,DRC_SAN_20150225,1,,224,1112,55,224,0,0,169,888,0,0,0,0,,,,,,,224,55,0,169,0,0,1344,330,0,1014,0,0,448,110,0,338,0,0,448,110,0,338,0,0,448,110,0,338,0,0,448,110,0,338,0,0,224,55,0,169,0,0,0,,,,,,224,55,0,169,0,0,0,,,,,,0,,,,,,0,0,,,,,,1112,224,0,888,,,,,,,,,,,,,,,,,,,Oui,Non,Non,Oui,Non,Non,Non,Non,Non,Non,Non,Non,Non,Non,Non,Oui,Non,Non,Oui,Non,Non,Non,Oui,Non,Non,Non,Oui,Non,Non,Non,Oui,Non,Non,Non,Non,Oui,Non,Non,Non,Oui,Non,Non,Non,Non,Non,Non,Non,Oui,Non,Non,Non,Oui,Oui,Non,Non,Non,Non,Oui,Non,Oui,Non,,Ouham Pende,,Koui,,Koui,,,15.337074,6.966833
567526412,13.04.2015,02.04.2015,16.05.2015,PU-AMI,Amada Gaza,2015,PU_AMA_20150213,1,,316,1808,316,1808,0,0,,,,,,,49,267,316,,,,316,316,0,,,,1896,1896,0,,,,632,632,0,,,,632,632,0,,,,632,632,0,,,,632,632,0,,,,316,316,0,,,,0,0,0,,,,316,316,0,,,,196,196,0,,,,0,0,0,,,,0,0,0,0,0,0,,1300,1300,0,,,,,,,,,,40,40,2,2,1,1,1,,0,,Non,Oui,Non,Oui,Non,Non,Non,Non,Non,Non,Non,Non,Non,Non,Non,Oui,Non,Non,Oui,Non,Non,Non,Non,Non,Non,Non,Non,Non,Oui,Non,Non,Oui,Oui,Non,Non,Non,Non,Non,Non,Non,Non,Non,Non,Non,Oui,Non,Non,Oui,Oui,Non,Non,Non,Non,Non,Non,Non,Non,Oui,Non,Non,Oui,,Mambere-Kadei,,Amada-Gaza,,,,,15.209111,4.768658
30896935,14.04.2015,27.03.2015,01.04.2015,ACTED,Lebada,2015,ACTED_LEB_20141021,12,,1049,5245,1049,5245,,,,,,,,,,,,,,,1049,1049,,,,,7343,7343,,,,,2098,2098,,,,,2098,2098,,,,,0,0,,,,,2098,2098,,,,,1049,1049,,,,,,,,,,,1049,1049,,,,,0,0,,,,,,,,,,,,,,,,,,,,,,,,,,,,,,,,,,,,,,,,Non,Oui,Non,Oui,Non,Non,Non,Non,Non,Non,Non,Non,Non,Non,Non,Oui,Non,Non,Non,Non,Non,Non,Non,Non,Oui,Non,Non,Non,Non,Non,Non,Oui,Non,Non,Non,Non,Non,Oui,Oui,Non,Non,Non,Non,Non,Non,Oui,Non,Non,Non,Non,Non,Non,Non,Non,Non,Non,Non,Non,Non,Non,Non,,Ouaka,,Bambari,,Pladama-Ouaka,,,20.544786,5.854284
1933496338,30.03.2015,26.03.2015,30.03.2015,ACF,Kaboro,2015,ACF_KAB_20150305,1,,263,1506,153,801,110,705,,,,,,,,,,,,,263,153,110,,,,1578,918,660,,,,306,306,0,,,,306,306,0,,,,85,85,0,,,,526,306,220,,,,263,153,110,,,,0,0,0,,,,223,223,0,,,,0,0,0,,,,0,0,0,,,,0,0,0,0,0,0,,0,0,0,,,,,,,,,,0,0,0,0,0,0,0,,0,,Non,Oui,Non,Oui,Non,Non,Non,Non,Non,Non,Non,Non,Non,Non,Non,Oui,Non,Non,Non,Non,Non,Non,Non,Oui,Non,Non,Non,Non,Oui,Non,Non,Oui,Non,Non,Non,Non,Oui,Non,Non,Non,Non,Non,Non,Non,Oui,Non,Non,Non,Non,Non,Non,Non,Non,Oui,Non,Non,Non,Oui,Non,Non,Non,,Ouham,,Nana-Bakassa,,Nana-Bakassa,,,17.529444,6.970833
440565508,31.03.2015,25.03.2015,25.03.2015,ACTED,Ngakobo,2015,ACTED_NGA_20150208,,,490,2450,490,2450,,,,,,,,,,,,,,,490,490,,,,,3430,3430,,,,,980,980,,,,,980,980,,,,,490,490,,,,,980,980,,,,,490,490,,,,,,,,,,,490,490,,,,,490,490,,,,,,,,,,,,,,,,,,,,,,,,,,,,,,,,,,,,,,,,Non,Oui,Non,Oui,Non,Non,Non,Non,Non,Non,Oui,Non,Non,Non,Non,Non,Non,Non,Non,Non,Non,Non,Non,Oui,Non,Non,Non,Non,Non,Non,Non,Oui,Non,Non,Non,Non,Non,Oui,Oui,Non,Non,Non,Non,Non,Non,Oui,Non,Non,Non,Non,Non,Non,Non,Non,Non,Non,Non,Non,Non,Non,Non,,Ouaka,,Bambari,,Ngougbia,,,20.730846,5.339652
872205074,24.03.2015,11.03.2015,13.03.2015,SI,Kaga-Bandoro,2015,SI_BOT_20150127,,,1157,5785,329,1645,828,4140,,,,,,,333,824,,2,1084,71,1157,329,828,,,,6942,1974,4968,,,,2314,658,1656,,,,2314,658,1656,,,,1157,329,828,,,,2314,658,1656,,,,531,531,0,,,,,,,,,,1157,329,828,,,,1157,329,828,,,,3471,987,2484,,,,,,,,,,,,,,,,,,,,,,,,,,,,,,,,,Non,Oui,Non,Oui,Non,Non,Non,Non,Non,Non,Non,Non,Non,Non,Non,Oui,Non,Non,Non,Non,Non,Non,Non,Oui,Non,Non,Non,Non,Oui,Non,Non,Oui,Non,Non,Non,Non,Non,Oui,Non,Non,Non,Non,Non,Non,Oui,Non,Non,Non,Non,Non,Non,Non,Non,Oui,Non,Non,Non,Oui,Non,Non,Non,,Nana-Gribizi,,Kaga-Bandoro,,Kaga-Bandoro,,,19.185733,6.992369
1843693350,30.03.2015,11.03.2015,12.03.2015,PU-AMI,Nassole,2015,PU_NAS_20150211,1,,143,845,143,845,0,0,,,,,,,31,112,,,,,143,143,143,,,,0,0,0,,,,286,286,0,,,,286,286,0,,,,286,286,0,,,,286,286,0,,,,143,143,0,,,,0,0,0,,,,143,143,0,,,,143,143,,,,,0,0,0,,,,0,,,,,,2015/04/12,500,500,0,0,,0,,,,,,,0,0,1,,1,1,0,,0,,Non,Oui,Non,Oui,Non,Non,Non,Non,Non,Non,Oui,Non,Non,Non,Oui,Oui,Non,Non,Non,Non,Non,Non,Non,Oui,Non,Non,Non,Non,Oui,Non,Non,Oui,Oui,Non,Non,Non,Non,Non,Non,Non,Non,Non,Non,Non,Oui,Non,Non,Non,Non,Non,Non,Non,Non,Oui,Non,Non,Non,Oui,Non,Non,Oui,,Mambere-Kadei,,Berberati,,Ouakanga,,,15.375248,4.258509
1381250290,24.03.2015,10.03.2015,14.03.2015,ACF,Bofire,2015,ACF_GBB_20150220,3,,708,3333,516,2246,192,1087,,,,,,,,,,,,,708,516,192,,,,3096,3096,0,,,,1032,1032,0,,,,1032,1032,0,,,,516,516,0,,,,1224,1032,192,,,,700,700,0,,,,,,,,,,516,516,0,,,,,,,,,,,,,,,,,,,,,,,2528,2246,282,,,,,,,,,,11,33,,,3,3,3,,,,Oui,Non,Non,Oui,Non,Non,Non,Non,Non,Non,Non,Non,Non,Non,Non,Oui,Non,Non,Non,Non,Non,Non,Non,Oui,Non,Non,Non,Non,Oui,Non,Non,Oui,Oui,Non,Non,Non,Non,Non,Non,Non,Non,Non,Non,Non,Oui,Non,Non,Non,Non,Non,Non,Non,Non,Oui,Non,Non,Non,Oui,Non,Non,Oui,,Ouham,,Bossangoa,,Ben Zambe,,,17.766026,6.718610
1141089873,24.03.2015,05.03.2015,05.03.2015,ACF,Sabewa,2015,ACF_SAB_20150204,,,425,2041,175,816,250,1225,,,,,,,,,,,,,425,175,250,,,,2550,1050,1500,,,,350,350,0,,,,350,350,0,,,,350,350,0,,,,350,350,0,,,,175,175,0,,,,,,,,,,,,,,,,,,,,,,,,,,,,,,,,,,,2041,816,1225,,,,,,,,,,,,1,1,1,1,,,,,Oui,Non,Non,Oui,Non,Non,Non,Non,Non,Non,Non,Non,Non,Non,Non,Oui,Non,Non,Non,Non,Non,Non,Non,Oui,Non,Non,Non,Non,Oui,Non,Non,Oui,Oui,Non,Non,Non,Non,Non,Non,Non,Non,Non,Non,Non,Oui,Non,Non,Non,Non,Non,Non,Non,Non,Oui,Non,Non,Non,Oui,Non,Non,Oui,,Nana-Mambere,,Bouar,,Niem-Yelewa,,,14.982606,6.668017
2053797164,24.03.2015,03.03.2015,06.03.2015,ACF,Gbabiro,2015,ACF_GBA_20150218,,,372,1892,312,1442,60,450,,,,,,,,,,,,,372,312,60,,,,2232,1872,360,,,,624,624,0,,,,624,624,0,,,,624,624,0,,,,624,624,0,,,,312,312,0,,,,,,,,,,,,,,,,,,,,,,,,,,,,,,,,,,,1892,1442,450,,,,,,,,,,6,18,1,1,1,1,,,,,Oui,Non,Non,Oui,Non,Non,Non,Non,Non,Non,Non,Non,Non,Non,Non,Oui,Non,Non,Non,Non,Non,Non,Non,Oui,Non,Non,Non,Non,Oui,Non,Non,Oui,Oui,Non,Non,Non,Non,Non,Non,Non,Non,Non,Non,Non,Oui,Non,Non,Non,Non,Non,Non,Non,Non,Oui,Non,Non,Non,Oui,Non,Non,Oui,,Ouham,,Bossangoa,,Ben Zambe,,,17.697580,6.849218
115393556,24.03.2015,30.01.2015,01.02.2015,ACF,Bondiba,2015,ACF_BON_20141216,,,388,1695,94,388,294,1307,,,,,,,,,,,,,388,94,294,,,,2328,564,1764,,,,244,188,56,,,,244,188,56,,,,244,188,56,,,,510,188,322,,,,122,94,28,,,,,,,,,,,,,,,,,,,,,,,,,,,,,,,,,,,1695,388,1307,,,,,,,,,,,,1,1,,1,,,,,Oui,Non,Non,Oui,Non,Non,Non,Non,Non,Non,Non,Non,Non,Non,Non,Oui,Non,Non,Non,Non,Non,Non,Oui,Non,Non,Non,Non,Non,Oui,Non,Non,Oui,Oui,Non,Non,Non,Non,Non,Non,Non,Non,Non,Non,Non,Oui,Non,Non,Non,Non,Non,Non,Oui,Non,Non,Non,Non,Non,Oui,Non,Non,Oui,,Nana-Mambere,,Baboua,,Baboua,,,14.794725,5.535135
801479719,03.03.2015,29.01.2015,30.01.2015,SI,Kaga-Bandoro,2015,SI_MBR_20141216,1,,525,2625,525,2625,,,,,,,,,,,,,,,525,525,,,,,3150,3150,,,,,1050,1050,,,,,1050,1050,,,,,525,525,,,,,1050,1050,,,,,,,,,,,,,,,,,525,525,,,,,525,,,,,,,,,,,,,,,,,,,,,,,,,,,,,,,,,,,,,,,,,Non,Oui,Non,Oui,Non,Non,Non,Non,Non,Non,Non,Non,Non,Non,Non,Oui,Non,Non,Non,Non,Non,Non,Non,Oui,Non,Non,Non,Non,Oui,Non,Non,Oui,Non,Non,Non,Non,Non,Oui,Oui,Non,Non,Non,Non,Non,Non,Oui,Non,Non,Non,Non,Non,Non,Non,Non,Non,Non,Non,Oui,Non,Non,Non,,Nana-Gribizi,,Kaga-Bandoro,,Kaga-Bandoro,,,19.191543,6.990379
945538549,21.01.2015,23.08.2014,25.08.2014,ACF,Bozakon,2014,ACF_2014_09,,,694,3313,,,,,,,,,,,,,,,,,,,,,,,4164,,,,,,1388,,,,,,1388,,,,,,1388,,,,,,1388,,,,,,694,,,,,,,,,,,,,,,,,,558,,,,,,,,,,,,,,,,,,,,,,,,,,,,,,,,,,,,,,,,,Non,Oui,Non,Non,Non,Non,Non,Non,Non,Non,Non,Non,Non,Non,Non,Non,Non,Non,Non,Non,Non,Non,Non,Non,Non,Non,Non,Non,Non,Non,Non,Non,Non,Non,Non,Non,Non,Non,Non,Non,Non,Non,Non,Non,Non,Non,Non,Non,Non,Non,Non,Non,Non,Non,Non,Non,Non,Non,Non,Non,Non,,Ouham,,Bouca,,Lady Gbawi,,,18.509903,6.954372
852334036,26.01.2015,22.08.2014,23.08.2014,SI,Bokonde,2014,SI_2014_02,,,55,,,,,,,,,,,,,,,,,,55,,,,,,330,,,,,,110,,,,,,110,,,,,,55,,,,,,55,,,,,,55,,,,,,,,,,,,55,,,,,,55,,,,,,,,,,,,,,,,,,,,,,,,,,,,,,,,,,,,,,,,,Non,Oui,Non,Non,Non,Non,Non,Non,Non,Non,Non,Non,Non,Non,Non,Non,Non,Non,Non,Non,Non,Non,Non,Non,Non,Non,Non,Non,Non,Non,Non,Non,Non,Non,Non,Non,Non,Non,Non,Non,Non,Non,Non,Non,Non,Non,Non,Non,Non,Non,Non,Non,Non,Non,Non,Non,Non,Non,Non,Non,Non,,Ouham,,Kabo,,Sido,,,18.680748,7.899799
2040360374,26.01.2015,22.08.2014,22.08.2014,SI,Kabo,2014,SI_2014_04,,,267,,,,,,,,,,,,,,,,,,267,,,,,,1602,,,,,,534,,,,,,534,,,,,,267,,,,,,267,,,,,,267,,,,,,,,,,,,267,,,,,,267,,,,,,,,,,,,,,,,,,,,,,,,,,,,,,,,,,,,,,,,,Non,Oui,Non,Non,Non,Non,Non,Non,Non,Non,Non,Non,Non,Non,Non,Non,Non,Non,Non,Non,Non,Non,Non,Non,Non,Non,Non,Non,Non,Non,Non,Non,Non,Non,Non,Non,Non,Non,Non,Non,Non,Non,Non,Non,Non,Non,Non,Non,Non,Non,Non,Non,Non,Non,Non,Non,Non,Non,Non,Non,Non,,Ouham,,Kabo,,Sido,,,18.625258,7.697042
944830302,26.01.2015,15.08.2014,15.08.2014,PU-AMI,Boganangone,2014,PU-AMI_2014_05,,,360,1750,,,,,,,,,,,,,,,,,360,,,,,,5400,,,,,,720,,,,,,720,,,,,,360,,,,,,,,,,,,360,,,,,,,,,,,,360,,,,,,360,,,,,,336,,,,,,118,,,,,,,80,,,,,,,,,,,,,,,,,,,,,,Oui,Non,Non,Non,Non,Non,Non,Non,Non,Non,Non,Non,Non,Non,Non,Non,Non,Non,Non,Non,Non,Non,Non,Non,Non,Non,Non,Non,Non,Non,Non,Non,Non,Non,Non,Non,Non,Non,Non,Non,Non,Non,Non,Non,Non,Non,Non,Non,Non,Non,Non,Non,Non,Non,Non,Non,Non,Non,Non,Non,Non,,Lobaye,,Boganangone,,Boganangone,,,17.198067,4.695853
407345956,26.01.2015,01.08.2014,01.08.2014,PU-AMI,Demba Batéké,2014,PU-AMI_2014_06,,,260,,,,,,,,,,,,,,,,,,260,,,,,,3900,,,,,,520,,,,,,520,,,,,,520,,,,,,,,,,,,260,,,,,,,,,,,,260,,,,,,260,,,,,,320,,,,,,160,,,,,,,,,,,,,,,,,,,,,,,,,,,,,Non,Oui,Non,Non,Non,Non,Non,Non,Non,Non,Non,Non,Non,Non,Non,Non,Non,Non,Non,Non,Non,Non,Non,Non,Non,Non,Non,Non,Non,Non,Non,Non,Non,Non,Non,Non,Non,Non,Non,Non,Non,Non,Non,Non,Non,Non,Non,Non,Non,Non,Non,Non,Non,Non,Non,Non,Non,Non,Non,Non,Non,,Mambere-Kadei,,Gadzi,,Topia,,,16.272125,4.981164
1495240485,21.01.2015,14.07.2014,18.07.2014,ACTED,Banbari,2014,ACTED_2014_07,,,2166,,,,,,,,,,,,,,,,,,1935,,,,,,9675,,,,,,3870,,,,,,3870,,,,,,1935,,,,,,1935,,,,,,1935,,,,,,,,,,,,1935,,,,,,1935,,,,,,,,,,,,,1935,1935,1935,1935,1935,,,,,,,,,,,,,,,,,,,,,,,,Non,Oui,Non,Non,Non,Non,Non,Non,Non,Non,Non,Non,Non,Non,Non,Non,Non,Non,Non,Non,Non,Non,Non,Non,Non,Non,Non,Non,Non,Non,Non,Non,Non,Non,Non,Non,Non,Non,Non,Non,Non,Non,Non,Non,Non,Non,Non,Non,Non,Non,Non,Non,Non,Non,Non,Non,Non,Non,Non,Non,Non,,Ouaka,,Bambari,,Bambari,,,20.667172,5.751444
1367826435,26.01.2015,28.06.2014,31.07.2014,IRC,Mann,2014,IRC_2014_01,,,1334,4921,,,,,,,,,,,,,,,,,,,,,,,,,,,,,,,,,,,,,,,,,,,,,,,,,,,,,,,,,,,,,,,,,,,,,,,,,,,,,,,,,,,,,,,,,,4921,,,,,,,,,,,,,,,,,,,,,,Non,Non,Oui,Non,Non,Non,Non,Non,Non,Non,Non,Non,Non,Non,Non,Non,Non,Non,Non,Non,Non,Non,Non,Non,Non,Non,Non,Non,Non,Non,Non,Non,Non,Non,Non,Non,Non,Non,Non,Non,Non,Non,Non,Non,Non,Non,Non,Non,Non,Non,Non,Non,Non,Non,Non,Non,Non,Non,Non,Non,Non,,Ouham Pende,,Ngaoundaye,,Kodi,,,15.485058,7.375917
2143562893,26.01.2015,27.06.2014,15.07.2014,IRC,Kaké,2014,IRC_2014_15,,,1727,,,,,,,,,,,,,,,,,,,,,,,,10362,,,,,,3216,,,,,,1727,,,,,,1727,,,,,,2978,,,,,,233,,,,,,1727,,,,,,,,,,,,,,,,,,,,,,,,,,,,,,,,,,,,,,,,,,,,,,,,,,,,,Non,Oui,Non,Non,Non,Non,Non,Non,Non,Non,Non,Non,Non,Non,Non,Non,Non,Non,Non,Non,Non,Non,Non,Non,Non,Non,Non,Non,Non,Non,Non,Non,Non,Non,Non,Non,Non,Non,Non,Non,Non,Non,Non,Non,Non,Non,Non,Non,Non,Non,Non,Non,Non,Non,Non,Non,Non,Non,Non,Non,Non,,Ouham Pende,,Bocaranga,,Pende,,,15.815506,6.833717
196757754,26.01.2015,25.06.2014,25.06.2014,SI,Moyenne Sido,2014,SI_2014_02,,,12,57,,,,,,,,,,,,,,,,,12,,,,,,120,,,,,,24,,,,,,24,,,,,,24,,,,,,12,,,,,,,,,,,,,,,,,,,,,,,,,,,,,,,,,,,,,,,,,,,,,,,,,,,,,,,,,,,,,,,,,Non,Oui,Non,Non,Non,Non,Non,Non,Non,Non,Non,Non,Non,Non,Non,Non,Non,Non,Non,Non,Non,Non,Non,Non,Non,Non,Non,Non,Non,Non,Non,Non,Non,Non,Non,Non,Non,Non,Non,Non,Non,Non,Non,Non,Non,Non,Non,Non,Non,Non,Non,Non,Non,Non,Non,Non,Non,Non,Non,Non,Non,,Ouham,,Kabo,,Sido,,,18.711433,8.225083
558289820,26.01.2015,25.06.2014,25.06.2014,SI,Kabo,2014,SI_2014_04,,,85,507,,,,,,,,,,,,,,,,,85,,,,,,850,,,,,,170,,,,,,170,,,,,,170,,,,,,85,,,,,,,,,,,,,,,,,,,,,,,,,,,,,,,,,,,,,,,,,,,,,,,,,,,,,,,,,,,,,,,,,Non,Oui,Non,Non,Non,Non,Non,Non,Non,Non,Non,Non,Non,Non,Non,Non,Non,Non,Non,Non,Non,Non,Non,Non,Non,Non,Non,Non,Non,Non,Non,Non,Non,Non,Non,Non,Non,Non,Non,Non,Non,Non,Non,Non,Non,Non,Non,Non,Non,Non,Non,Non,Non,Non,Non,Non,Non,Non,Non,Non,Non,,Ouham,,Kabo,,Sido,,,18.627664,7.691258
1175676960,21.01.2015,19.06.2014,19.06.2014,ACF,Bozélé,2014,ACF_2014_10,,,115,705,,,,,,,,,,,,,,,,,,,,,,,690,,,,,,230,,,,,,230,,,,,,230,,,,,,230,,,,,,115,,,,,,,,,,,,,,,,,,115,,,,,,,,,,,,,,,,,,,,,,,,,,,,,,,,,,,,,,,,,Non,Oui,Non,Non,Non,Non,Non,Non,Non,Non,Non,Non,Non,Non,Non,Non,Non,Non,Non,Non,Non,Non,Non,Non,Non,Non,Non,Non,Non,Non,Non,Non,Non,Non,Non,Non,Non,Non,Non,Non,Non,Non,Non,Non,Non,Non,Non,Non,Non,Non,Non,Non,Non,Non,Non,Non,Non,Non,Non,Non,Non,,Ouham,,Nana-Bakassa,,Nana-Bakassa,,,17.428350,6.645597
265721479,21.01.2015,14.06.2014,15.06.2014,ACTED,Bambari,2014,ACTED_2014_08,,,219,,,,,,,,,,,,,,,,,,,,,,,,3480,,,,,,438,,,,,,438,,,,,,219,,,,,,,,,,,,,,,,,,,,,,,,,,,,,,,,,,,,,,,,,,,,,,,,,,,,,,,,,,,,,,,,,,,,,,,Non,Oui,Non,Non,Non,Non,Non,Non,Non,Non,Non,Non,Non,Non,Non,Non,Non,Non,Non,Non,Non,Non,Non,Non,Non,Non,Non,Non,Non,Non,Non,Non,Non,Non,Non,Non,Non,Non,Non,Non,Non,Non,Non,Non,Non,Non,Non,Non,Non,Non,Non,Non,Non,Non,Non,Non,Non,Non,Non,Non,Non,,Ouaka,,Bambari,,Bambari,,,20.678586,5.754667
1149390357,21.01.2015,12.06.2014,13.06.2014,ACTED,Grimari,2014,ACTED_2014_14,,,1246,,,,,,,,,,,,,,,,,,,,,,,,9968,,,,,,2492,,,,,,2492,,,,,,1777,,,,,,,,,,,,,,,,,,,,,,,,,,,,,,,,,,,,,,,,,,,,,,,,,,,,,,,,,,,,,,,,,,,,,,,Non,Oui,Non,Non,Non,Non,Non,Non,Non,Non,Non,Non,Non,Non,Non,Non,Non,Non,Non,Non,Non,Non,Non,Non,Non,Non,Non,Non,Non,Non,Non,Non,Non,Non,Non,Non,Non,Non,Non,Non,Non,Non,Non,Non,Non,Non,Non,Non,Non,Non,Non,Non,Non,Non,Non,Non,Non,Non,Non,Non,Non,,Ouaka,,Grimari,,Grimari,,,20.055200,5.741367
1098220660,21.01.2015,08.06.2014,09.06.2014,ACF,Sibut,2014,ACF_2014_18,,,294,1157,,,,,,,,,,,,,,,,,318,,,,,,1908,,,,,,636,,,,,,636,,,,,,636,,,,,,636,,,,,,,,,,,,,,,,,,,,,,,,,,,,,,,,,,,,,,,,,,,,,,,,,,,,,,,,,,,,,,,,,Non,Oui,Non,Non,Non,Non,Non,Non,Non,Non,Non,Non,Non,Non,Non,Non,Non,Non,Non,Non,Non,Non,Non,Non,Non,Non,Non,Non,Non,Non,Non,Non,Non,Non,Non,Non,Non,Non,Non,Non,Non,Non,Non,Non,Non,Non,Non,Non,Non,Non,Non,Non,Non,Non,Non,Non,Non,Non,Non,Non,Non,,Kemo,,Sibut,,Sibut,,,19.086042,5.735689
1888755627,26.01.2015,07.06.2014,11.07.2014,SI,Kaga-Bandoro,2014,SI_2014_07,,,2661,,,,,,,,,,,,,,,,,,2661,,,,,,16519,,,,,,5322,,,,,,5322,,,,,,5322,,,,,,2661,,,,,,2661,,,,,,,,,,,,2661,,,,,,553,,,,,,,,,,,,,,,,,,,,,,,,,,,,,,,,,,,,,,,,,Non,Oui,Non,Non,Non,Non,Non,Non,Non,Non,Non,Non,Non,Non,Non,Non,Non,Non,Non,Non,Non,Non,Non,Non,Non,Non,Non,Non,Non,Non,Non,Non,Non,Non,Non,Non,Non,Non,Non,Non,Non,Non,Non,Non,Non,Non,Non,Non,Non,Non,Non,Non,Non,Non,Non,Non,Non,Non,Non,Non,Non,,Nana-Gribizi,,Kaga-Bandoro,,Kaga-Bandoro,,,19.185733,6.992369
1756729082,26.01.2015,07.06.2014,07.06.2014,IRC,Ngoutéré,2014,IRC_2014_14,,,13,67,,,,,,,,,,,,,,,,,13,,,,,,78,,,,,,26,,,,,,26,,,,,,13,,,,,,26,,,,,,13,,,,,,,,,,,,,,,,,,,,,,,,,,,,,,,,,,,,,,,,,,,,,,,,,,,,,,,,,,,Non,Oui,Non,Non,Non,Non,Non,Non,Non,Non,Non,Non,Non,Non,Non,Non,Non,Non,Non,Non,Non,Non,Non,Non,Non,Non,Non,Non,Non,Non,Non,Non,Non,Non,Non,Non,Non,Non,Non,Non,Non,Non,Non,Non,Non,Non,Non,Non,Non,Non,Non,Non,Non,Non,Non,Non,Non,Non,Non,Non,Non,,Ouham Pende,,Bocaranga,,Pende,,,15.898247,6.771819
94832746,26.01.2015,05.06.2014,04.07.2014,ACF,Bangui,2014,ACF_2014_23,,,,7933,,,,,,,,,,,,,,,,,,,,,,,,,,,,,,,,,,,,,,,,,,,,,,,,,,,,,,,,,,,,,,,,,,,,,,,,,,,,,,,,,,,,,,,,,,7933,,,,,,,,,,,,,,,,,,,,,,Non,Non,Oui,Non,Non,Non,Non,Non,Non,Non,Non,Non,Non,Non,Non,Non,Non,Non,Non,Non,Non,Non,Non,Non,Non,Non,Non,Non,Non,Non,Non,Non,Non,Non,Non,Non,Non,Non,Non,Non,Non,Non,Non,Non,Non,Non,Non,Non,Non,Non,Non,Non,Non,Non,Non,Non,Non,Non,Non,Non,Non,,Bangui,,Bangui,,Bangui,,5,18.532906,4.393994
1567704880,21.01.2015,28.05.2014,30.05.2014,ACF,Bouca,2014,ACF_2014_07,,,1300,7323,,,,,,,,,,,,,,,,,2600,,,,,,7800,,,,,,2600,,,,,,2600,,,,,,2600,,,,,,2600,,,,,,1300,,,,,,,,,,,,,,,,,,,,,,,,,,,,,,,,,,,,,3350,,,,,,,,,,,,,,,,,,,,,,Oui,Non,Non,Non,Non,Non,Non,Non,Non,Non,Non,Non,Non,Non,Non,Non,Non,Non,Non,Non,Non,Non,Non,Non,Non,Non,Non,Non,Non,Non,Non,Non,Non,Non,Non,Non,Non,Non,Non,Non,Non,Non,Non,Non,Non,Non,Non,Non,Non,Non,Non,Non,Non,Non,Non,Non,Non,Non,Non,Non,Non,,Ouham,,Bouca,,Bouca Bobo,,,18.277989,6.511581
1258318500,26.01.2015,01.05.2014,10.05.2014,ACF,Yaloké,2014,ACF_2014_22,,,,633,,,,,,,,,,,,,,,,,,,,,,,,,,,,,,,,,,,,,,,,,,,,,,,,,,,,,,,,,,,,,,,,,,,,,,,,,,,,,,,,,,,,,,,,,,633,,,,,,,,,,,,,,,,,,,,,,Non,Non,Oui,Non,Non,Non,Non,Non,Non,Non,Non,Non,Non,Non,Non,Non,Non,Non,Non,Non,Non,Non,Non,Non,Non,Non,Non,Non,Non,Non,Non,Non,Non,Non,Non,Non,Non,Non,Non,Non,Non,Non,Non,Non,Non,Non,Non,Non,Non,Non,Non,Non,Non,Non,Non,Non,Non,Non,Non,Non,Non,,Ombella M'Poko,,Yaloke,,Yaloke,,,17.100692,5.312628
632841366,26.01.2015,25.04.2014,30.04.2014,SI,Kabo,2014,SI_2014_02,,,325,1008,,,,,,,,,,,,,,,,,325,,,,,,3250,,,,,,650,,,,,,650,,,,,,650,,,,,,650,,,,,,325,,,,,,,,,,,,325,,,,,,325,,,,,,,,,,,,,,,,,,,1008,,,,,,,,,,,,,,,,,,,,18,,Non,Non,Non,Non,Non,Non,Non,Non,Non,Non,Non,Non,Non,Non,Non,Non,Non,Non,Non,Non,Non,Non,Non,Non,Non,Non,Non,Non,Non,Non,Non,Non,Non,Non,Non,Non,Non,Non,Non,Non,Non,Non,Non,Non,Non,Non,Non,Non,Non,Non,Non,Non,Non,Non,Non,Non,Non,Non,Non,Non,Non,,Ouham,,Kabo,,Sido,,,18.629944,7.697565
1564567191,26.01.2015,25.04.2014,30.04.2014,SI,Kabo,2014,,,,124,297,,,,,,,,,,,,,,,,,124,,,,,,1240,,,,,,248,,,,,,248,,,,,,248,,,,,,248,,,,,,124,,,,,,,,,,,,124,,,,,,124,,,,,,,,,,,,,,,,,,,297,,,,,,,,,,,,,,,,,,,,6,,Non,Non,Non,Non,Non,Non,Non,Non,Non,Non,Non,Non,Non,Non,Non,Non,Non,Non,Non,Non,Non,Non,Non,Non,Non,Non,Non,Non,Non,Non,Non,Non,Non,Non,Non,Non,Non,Non,Non,Non,Non,Non,Non,Non,Non,Non,Non,Non,Non,Non,Non,Non,Non,Non,Non,Non,Non,Non,Non,Non,Non,,Ouham,,Kabo,,Sido,,,18.623028,7.688983
98821588,26.01.2015,21.04.2014,09.05.2014,ACF,Berberati,2014,ACF_2014_03,,,,6638,,,,,,,,,,,,,,,,,,,,,,,,,,,,,,,,,,,,,,,,,,,,,,,,,,,,,,,,,,,,,,,,,,,,,,,,,,,,,,,,,,,,,,,,,,6638,,,,,,,,,,,,,,,,,,,,,,Non,Non,Oui,Non,Non,Non,Non,Non,Non,Non,Non,Non,Non,Non,Non,Non,Non,Non,Non,Non,Non,Non,Non,Non,Non,Non,Non,Non,Non,Non,Non,Non,Non,Non,Non,Non,Non,Non,Non,Non,Non,Non,Non,Non,Non,Non,Non,Non,Non,Non,Non,Non,Non,Non,Non,Non,Non,Non,Non,Non,Non,,Mambere-Kadei,,Berberati,,Basse-Batouri,,,15.790486,4.260181
1618795228,21.01.2015,11.04.2014,25.04.2014,ACTED,Damara,2014,ACTED_2014_04,,,,880,,,,,,,,,,,,,,,,,,,,,,,13200,,,,,,1750,,,,,,1750,,,,,,,,,,,,1750,,,,,,620,,,,,,,,,,,,,,,,,,,,,,,,,,,,,,,,,,,,,,,,,,,,,,,,,,,,,,,,,,,Oui,Non,Non,Non,Non,Non,Non,Non,Non,Non,Non,Non,Non,Non,Non,Non,Non,Non,Non,Non,Non,Non,Non,Non,Non,Non,Non,Non,Non,Non,Non,Non,Non,Non,Non,Non,Non,Non,Non,Non,Non,Non,Non,Non,Non,Non,Non,Non,Non,Non,Non,Non,Non,Non,Non,Non,Non,Non,Non,Non,Non,,Ombella M'Poko,,Damara,,Damara,,,18.696219,4.957669
